"Dimension 1","Dimension 2","Dimension 3","Dimension 4","Dimension 5"
-0.6014009540551576,-0.8819020021568628,0.593850234690976,-1000.5869028904124,-2.147701431796078
-0.7420140393121529,-1.5590075201344584,-1.1330585677653278,-999.8429747378476,1.3442935282689232
0.749327562553636,1.3737911182641298,-0.16977648633280953,-997.8373800224798,0.8874281141214804
0.08330992551928725,0.2677049831513326,0.5566760571465175,-998.685416190645,0.439903492168012
2.7314070975000933,0.7932031427728624,0.9491145669222855,-999.5298462656255,-0.9813236672847174
-0.8925545580986457,0.8783041630915068,-1.2565835987168932,-999.6311637031549,0.28694112038802516
0.8877832582476056,-1001.4806898281931,0.3407591033912597,-998.6485600951411,1.571740861773337
-0.28609854993665434,-0.41397892310473317,0.5972766290865393,-1000.2957794073998,1.0568752650055384
1.4155540150492332,-0.19267032935730294,-0.4238640022100104,-1.0831382517381605,-1.7473155295741398
-0.5704733658489501,-0.5974106330780998,0.7057898400106444,1.3558319124653575,0.43169552056321486
-0.17103151040540382,-997.9037621861187,0.9373743812652149,-0.7214020573499368,-0.5975089217814871
1.5833281217310815,0.6729937884779752,-0.611420993460677,0.7060170055044123,1.1714424613041827
2.3071345524302114,2.249162180097327,-2.1779401319395753,-0.13555025977384957,0.41072389896450634
-1.4726416978612866,-0.9247958286016937,1.2278630186538932,0.37887178577324493,0.4288699488504881
-0.45445100495904467,0.4860193580739136,1.726064433926628,-998.3902919513162,0.7359472943080329
-0.1484879090800485,-1.103086593753877,1.2750301489226246,0.08681300137410106,-0.48375895230378096
-1.6737100514686565,0.8868536087385532,0.4309394971785673,-0.6135224393844966,-1.420166737947564
-0.8847668678299562,-0.2623757962189926,-1.7260148387472438,-1001.8678364714738,1.0822907945200309
-1.5072509926197075,-998.2637235762189,-0.7052155923098137,0.3231676870173089,-0.2929723572098902
-2.807697318965816,-998.4962733461128,1.0955105765889896,-0.9652305057888222,0.9312399467543958
-0.5419559921080757,0.7721208057472655,0.9152266442422935,-999.5160301479203,-0.8558090899047853
-1.3793747531180034,-998.2828346876405,-0.08452268260419622,-1.912678052037031,-1.05823194611327
0.28624210134747075,1.1913265668494428,0.6691259438153381,0.06518893581756005,2.556024527984539
-0.04632077233059923,-998.7670653848808,-0.350160389788144,-0.4317227133723617,-1.7982155876559842
-0.005055426454878483,-0.10897779881020284,-1.5652934434945178,0.8909244567083044,0.7136881577349782
0.4436182601930189,-1.3684287921364897,-0.27694812510371275,1.1688887272628619,1.5833026182546595
1.0904386945945208,0.1971149906003709,0.5331709101912294,0.11699058461427823,0.5332037462310928
1.3671140419555514,0.36982322696836323,0.8008616276551052,-998.7765993481818,0.9829418368261087
0.9552789878559056,-999.3262073703431,1.442605848115651,2.8896820505629086,0.35846052962035474
0.8784822658071784,-999.0454204767784,0.7395863498062081,-1.0727897889388742,0.279776657191751
-0.6554382941596091,-998.3486554796472,-1.3587011144641088,-0.5019545873090435,0.5839547209520619
0.5126041280622177,0.2824981119676648,1.1406512369383988,-1.9425316490031754,-1.531959402640724
-0.7097701694542657,-1000.3727025852605,-0.26644695885260944,-0.4963542885819665,0.21081237017489993
-0.8222246951932917,0.7686132844872976,0.24690646927576668,0.22941892420375937,0.8227679987444587
1.3522522157007053,-998.0940645691077,-0.30491095650292477,-2.15144853320959,0.13206367270067074
-1.1701850107047298,0.4398279808068608,0.7562492103533419,-996.4185524439898,-3.1044717431965796
-0.7265799477888889,-0.44200992023092517,1.38344621146757,0.9429846215771746,0.28255683916531005
-0.27463961984611757,0.0898273385668899,-0.9945271333909602,1.5890619423197028,-0.5968509273494493
0.49873733042139223,-998.1501661945009,0.1221174493134065,-0.8781779566236277,0.06377152374837201
0.7297484706454207,-0.04180284611876094,0.1273774260328115,0.6605726361648164,0.6603612418130492
1.3526915429439403,-997.9619254497308,1.4901575189421692,0.5361771540196012,0.7420803306443321
0.17002697119615454,0.6406298917983596,1.069418445692261,0.17663657321165954,-0.6907970644998509
-1.1508967174365055,-997.8941896480181,-0.31870742988117773,2.228066243243831,0.5989043761080286
-1.097713527930128,-0.4681964365591479,-0.5363053429436538,-0.2492252989022339,1.0324078235114937
1.046534359679754,-0.38738832880888086,-2.881243837179818,-0.9555482884435496,0.8804755921877412
-1.489190155616396,-999.9314181270752,-0.35428212513720153,-0.7505111335409524,-0.10532579678184784
0.5908619622764777,-998.0868641948477,-0.42454561039692323,-999.1302066255228,0.023360279803332645
-0.0018667953444060866,0.5665691359888038,-1.0718126713164517,-0.13305771898231325,-0.40763916651910603
0.5083107278689847,-999.8290850400466,1.0482842943856792,0.2940724565837859,1.4535782465419942
0.33722278406958056,0.8085346961350154,-1.170343768177648,-998.3369635624379,0.5463704850138241
-0.8452370441440854,-0.05816044083522557,0.08356739008310313,-999.1877773402583,-0.10631243706617939
-0.7048887937516288,0.6192516071288658,-0.5273432417926177,-0.08884476262871586,-0.22940708903294757
1.7490537766402312,-999.8051637569212,-0.861417013901173,0.4245532929469715,-0.18966519230973897
-0.05447551155261513,-0.45812343212313905,-2.0321453283090896,0.7276706973832945,-1.9195923720911066
1.1537747017550555,-1000.5079699791003,-0.7157452857340603,-0.29289314028246,-0.7778059670099278
0.4458191291505893,-999.6607886292605,-0.5120443923729138,-999.1587963266553,0.6409378809811149
0.8201355776486455,0.853050543039134,-0.8146619891139953,-1000.6390395340247,-0.14786885613643702
-1.0751463751205321,-1000.4277138074859,-0.2593265438774346,0.2663696280972038,0.8361404027711864
0.10702779786046152,0.04945813671212209,0.08309225023938294,0.5171224414992692,0.7785344584957716
0.4704614413620285,-998.5771866972315,0.5449307115031914,-0.6765227242884376,0.8170271458060384
1.2130415647098596,-0.6094017065399391,-0.5823791714216376,2.1836687030075494,0.1057940757333994
-0.7579320816467178,-997.3256291747533,0.17554796278196177,-0.0002500323766314878,0.9432015074404545
1.5860005680369578,-0.09913447245706873,-1.634221100266161,-998.4746190934256,0.07495986614241525
0.39000264446053523,-1000.5182077478813,-0.7814297508077411,0.26994491087561895,0.0958946240386146
-0.5096255269779221,-0.42942447665560085,-0.8256212083177348,1.3216873282032109,1.5252456396423397
-0.5873363780232166,0.12367123315610788,1.0071760241683394,-1.3252380591667667,0.3395628643567408
1.6799586658906207,-998.4472553814966,-0.7941558420812197,0.450584077983663,-0.6127285785810932
-0.5041100080688711,-999.0254063557755,1.017132917952588,-0.3828843511846562,-0.8987446036519775
0.6048132864899972,-1.296032256072909,-0.490202373527871,1.814816580475423,-0.7021109264909089
2.202524637381252,-997.9333097880916,0.9575016772735323,-998.8928228088345,-1.4758767324337057
1.2765265225784876,-0.8058031191173834,-0.6512536666366863,-1.1496288502352188,0.2970840272193665
0.6564821879285688,-998.8866911683965,0.026262375377339216,-1.3564353278804802,-0.28371475299831717
-0.4953335708672846,1.3836539584660787,-0.07002982702223283,0.7121720842964846,-1.4328371324671942
-0.0331863442792459,-0.08114388167780426,-1.4438601531601745,-998.7425192746499,-0.5007986241824054
-0.4320866392738651,-0.8334488374726334,-1.1523324640554604,-997.5331478402919,0.45118054124001644
0.5086241577750523,-1.0124303142754403,1.539432160885487,1.0346763627318434,-0.2765494875904583
0.12393731340039961,-996.446137855853,-0.758328118399346,1.6157934408084451,-0.6664965428851879
0.018995557797654012,-0.4103159077683203,-0.37254032471053183,-1.2397966829930027,-0.9158189338514647
-0.10096924131791188,1.2373986489837088,-1.5714938631719024,1.2132866941994211,-0.21002056517897366
0.541241146053328,-1000.869084295408,-1.3376634530958962,-0.8129360931696356,1.2088177715623833
-0.32653785872460644,0.6243071138429291,-0.6490582572352923,-998.3333422341741,1.318461322871544
0.07662639448096888,-999.0771765136442,-1.501338109300621,-1.0326068064537386,0.14530557580428932
1.3920582768336376,-0.562539687413141,-1.8696268762101207,-998.0372529585928,-0.7865147140308247
-0.7439117743296773,-1000.2762196291843,0.8415264587146514,0.8278579779729718,-0.010520419924742005
-1.116117374496272,-997.098726821401,-1.5167579785971028,-0.07474105581720598,-1.5397072272492944
-0.13394756244994308,-998.021471233716,-0.4602269061676111,-999.9178033905839,-0.5398998589554399
-1.7648583168099252,-998.8334029788106,-1.9923691161708923,-999.8121659294783,0.28552537491455404
-0.5729684573264504,0.3384325473185303,-1.0428221436204703,-0.11905881668073635,-1.6411801001991284
-0.4112158929723206,-1.417267754167679,-0.2777902077282734,1.337640291893155,1.775036316562723
0.14093724923655576,-999.1442759530289,-0.0910393811022428,-2.9593020553940197,0.3816953125481332
-0.9800198442091049,1.3003696964375269,0.22673352825558105,-999.7364993656263,-2.037146813201702
1.1413287279312216,-999.3633053696078,1.1129975312400302,-0.07171355901007925,-0.961825422404768
1.280343110121634,0.6244291916390966,0.019342945967948506,0.5025784243896039,1.0447079910232713
0.5620248268801777,-0.9587746860239661,-0.13037835781973595,-0.5229866255184389,0.26253843591203174
1.3040302833505275,0.2860879588394716,1.3631016516988925,0.39485476435535166,0.9906641929607413
3.1651064614861006,-0.021752310538391762,1.0919821283919204,0.930915358678313,-0.48289445176425627
0.7406626160427683,-0.512984411717058,0.893352350334328,-1.0891551243346365,1.08018749118229
0.9294164916890342,-998.9327920015173,-0.24256799565311135,-999.0234209217919,-0.4538159081212217
1.2808957824328555,-0.5904886023130062,0.4154994021771616,1.1569256872794533,-0.17848856359676118
0.9984375222187596,-0.6452986170567877,0.5298273487625842,0.45587171851362845,0.6919249522825456
1.0062146162927295,-0.39040447617829965,-0.5583342221969463,-0.02169624183225803,0.3895769103085554
-0.3932929716843567,-0.294481275383339,0.13925749984462787,-1.0786444777870303,1.6584398822280348
1.2604457229216546,1.5364187712028912,0.7186817307316273,-999.88725917364,0.8776734338974871
-1.2374053617400815,0.7896743556628252,-0.28147446270427884,-2.3014819072341175,0.6640870983959924
0.8815728607626816,0.12458246750420632,-0.1353913781308026,0.7055186255112599,-0.3594368488981941
1.721326607310568,-0.6028045363046957,0.11825414137115532,2.637455522885315,-0.20993459020042327
0.44998819335543283,-0.5151093431169067,-1.6250835492021944,0.3280179301437952,1.4856724705164197
0.2230676683502219,-1.3912142962177156,-0.031328177564063066,-0.8741449661619022,-0.43520569191169045
-0.951984906355773,0.31695796062868686,-0.4187531908129249,-998.1534650454821,-1.356563895814855
0.15669515654367966,-999.8666391667019,-0.3434324026169967,-0.27415018981600386,-0.02484782071298368
0.5390030886140003,0.6400775509589818,1.390598098332952,-998.9527406826935,0.6419076517417074
0.13253504091543244,-0.9376663684787341,0.07897757620658179,-997.4861283671681,0.687881291715125
-1.2475818252554283,-1.5243556841249117,-0.09654820107120728,-1.236200642655563,-0.16480509269605503
-1.8334099284423373,0.10350507518921682,-0.6488128158766036,1.4040481611449416,0.2090320622897911
0.27478476237894733,-998.6834684194711,-0.15136712913666533,-1.1521258762979878,-1.0581471991997715
0.12780869880092147,-0.7538430807957099,0.15983693064270768,-998.4482866121333,0.14308894849314013
0.6780494245097217,0.15343104294738708,0.3983920836349099,-1000.2162960025591,0.6973621510554707
0.5576774972757416,-1000.6853670241138,0.3048740896996609,1.2349426843045799,1.0750611867534985
-0.5565122076716477,-0.5385992202769322,0.14958444500770426,0.5736030910378761,0.5823980063993717
-0.7829157113128933,-996.850079245225,0.3157877928457346,0.6808136676367847,-0.4688065474100573
0.14938201274503496,0.4772909327170861,-0.2292640562537168,-0.25033940863456855,1.0569883355936582
0.4583089827282774,-0.36583844533985804,-1.594775659440418,-0.4536272673158575,0.6322871621694114
-1.096184309911049,-0.9162478063547975,0.5379272896730314,1.2393030928722595,1.7559102012861587
0.7178148147972269,-1000.3110377296381,-1.438868409295941,-998.2098636407788,-0.13750177547386677
0.7866887281468308,-0.5019553492867915,-0.6167772503343262,-2.0710438271258056,-0.6832799376672651
0.7165841667621343,-1.103822605051027,-2.120067922488349,0.1742445125276773,0.5491496112481135
1.2440333399790042,1.0920636479667882,-0.25279584872014504,-2.2239403554648924,0.09114282756477883
-2.309123818893927,-0.12132685570802809,1.883084154129707,0.9980861899726964,1.0272199439438703
-1.5654423782025775,-2.364256689773482,-0.5747228879337373,-0.8287412075613223,0.46675025096403144
0.2625212450068249,-1000.2435299893206,0.6673153371947284,-998.6685779205558,-0.502712182899731
0.4289078836775852,-0.4945501327397428,-1.202350377038929,-999.5353520587844,0.8249289501282657
-0.1406518137822506,-0.7110846523076676,-0.39106860216561656,-1.1043112153845722,1.6344760236946392
0.5620594991819109,-0.25718414349337276,0.7819457570236894,0.9462259377014856,-2.0079640794137656
-0.2209688738136895,-998.6963952476979,-1.0559267733140052,0.5853688119876526,0.4587556076710791
-0.5207825370768299,-0.1465944238164345,-1.0775325620954173,-999.6978447054495,-0.2914319747085884
-1.499596087493428,-0.589786921350286,-0.2471540983469638,-0.5862782648870679,-0.6977309256117276
2.894672072163389,-0.40746500262959773,-1.9001042014793237,0.7830558089565105,-0.719451682922737
-1.6317659719800577,1.1969963177880394,-2.091086310678335,-0.9000328373294517,-0.7675382488772569
-1.9341212444480247,-0.6122687821322763,1.7541660420389031,-0.5865375689018263,0.9783782698080653
0.8467211338657211,-1000.3159653518184,-0.8988358068417405,1.0236711108464578,0.06430167514616315
-0.005427031338805109,-999.7950734610928,1.1348291993861375,0.3760600309812146,0.526813748138006
-2.5959896457286895,-0.4411897411277304,-0.6123268752891805,-999.7659352127176,-0.16360813787536888
-2.2118249074677934,-0.8728161012228134,0.8131937877911275,1.6399733979234261,-0.014765134471143805
1.7178288561614656,0.22206897466649828,0.7538107324107799,1.703832630375576,0.061043316999610645
-0.9099274192358082,-999.4098163875611,-0.03071439907809974,-0.5066412263937387,0.2818541833442171
0.5307246997192178,2.0013938919180423,-1.3936837108898577,-0.9332021609649566,-0.08358082730457993
0.24621986765946893,0.6275050677666903,0.18848016419342142,-997.6277557436879,-0.5601979796727917
0.2718054939282493,-0.16212196085487335,1.2621093691858813,-997.6371139061413,-0.7742998298891542
1.4355370351786532,-999.2555782527023,-0.9013861388373127,-1.4869095161456833,0.18395925164474947
1.1812022254682872,0.9551084262818241,-1.3849845470004627,-0.701823370458257,-0.8259944918659654
0.13485621517397123,-999.0408388197611,-0.13552313081395073,-1.927215783157729,-1.7526387847803375
-1.173843955365717,0.7662544265679172,-1.4969931269752688,-999.0345863230675,0.35820853875507913
0.9479278808493605,-0.2994354452589164,-0.5682163584407365,0.3338389215586009,-1.5963346985112432
0.3929773427823571,-999.9778225088176,-0.14524467936521607,1.2547408175331844,0.5647614808899578
-0.16698581086977757,-0.9847400259082948,0.5837802202073761,-999.9218496271272,-0.9498257143911143
0.5060018617343948,-0.8339712584610326,-1.2732926772930917,-998.5545954228122,-0.10074698084734891
0.34957733075362135,-0.15240645568749908,1.7575548991017886,-1000.155238786211,-0.4934942528321071
1.1698476463643335,-999.3218994742524,0.6265289633901354,0.5537580061009977,1.8347458162108663
0.5428280988778401,1.2173024918961577,0.6373544985226465,-0.1616775461455918,-0.20904340338572483
0.34664218463623453,-997.2293709338448,-0.12196126750211884,1.4346850499216703,-1.2282615585347296
-0.7400746091971161,1.2344320806410376,0.0817850285434603,-3.0461019237259666,0.18016607362087872
-0.013791023370065738,-997.3769326697098,0.1714730916103958,0.09293615893506948,-0.9745742660679544
1.6126111994603958,-998.4802084333526,1.876615717870295,-998.8278226904764,-0.7479596438628043
-0.6374123691072846,-998.3197711531703,-0.5580895446851653,0.2975854555399673,-1.181819447161516
-0.9039568864239719,-0.11018047142665202,0.9767362383867491,-999.0342099500306,0.39488913217704186
2.1813466562678543,-0.9883370932786589,-1.4926606701218041,-999.1768591850824,1.3518071712163513
0.6549126150244359,-1.8045516958738437,0.5752845867918049,-1000.0214187616139,0.18491418006789062
0.041390995554412786,-999.176968344433,0.9329691203658909,-1001.5093797710051,-0.46825734149087295
0.756197790026007,0.4481592556329877,-1.8249849357389722,-2.038784431009302,0.48762553808417136
2.499571988617317,-0.2643200202290322,0.12028498090887695,-0.04897587645983281,1.120807868294124
-0.7707112376587762,1.8564949605628118,-1.0920524812425891,1.649284060861374,0.27918640397235633
-0.9124011806438882,0.8375226738349871,2.2475537221678605,1.2239974683644113,-0.6212424721418671
0.6736874200643486,-0.33657532209793795,0.993878723903429,1.2066547505398741,-0.6704435415180965
-0.38925015719190564,1.5424196253741371,-1.2290613202679104,-0.6383889114806884,0.27019276653803886
0.540122788473745,0.38998887218784406,-0.8068287750137965,-0.0028184217736943306,0.20405786729024739
1.346142298939576,-0.48472098436708716,0.6719635695366597,1.0110806084361548,-0.5245840465210754
-0.1439522557098912,-0.017012960063662805,0.4795345474495012,-999.4581506363751,0.993835299102798
1.3975924584523283,-999.5037738069908,0.4529145249007818,0.6031683808495655,-0.809157509214507
1.1115744408224495,-0.34165100637572776,0.6790707014493723,-1.557270072096567,-0.9172857443863554
-1.6355592911564227,-1.2441758771502869,0.2730162043271348,0.7273975709764035,-1.1439012159158597
-1.636531966855804,0.5228761419655686,0.42820416372273223,-0.02500871386831369,0.4228856290637638
0.46231789469524687,-998.5184503148166,0.8962978460791711,1.4047731555014167,1.006669640554482
-1.981786052790699,-1000.376386361944,0.2371042944449332,-0.5160836406627602,0.9016386842815413
-0.4627635753079471,1.0356162172835772,-1.263727505688735,-998.9783414934802,-0.643455081177651
0.9291297696887548,-999.0392441364646,-0.9551002865183135,-999.5560789107824,0.5229303268985671
0.34740064117189523,-0.3204176789276409,0.6277175211441995,1.123523377017418,-0.06700709130645072
-0.4712370996904349,-0.6966345617329663,0.05148092269545351,-998.3782724219999,1.094037742574123
-1.0052647813917053,-1.2372796266757804,0.36155666548226073,-0.6786309189876875,-0.5977341950222952
-0.6729905088605695,-1.5708034021179027,0.8553773379125224,2.1814856320588807,1.7035205898663266
1.3462053941142704,-999.0200057279648,-0.9860647186754545,-1000.5472327448502,-1.921018671351731
0.7315661603644675,0.12893183481462137,-0.8986211493930298,-1.0251801808250645,-1.0741249360919567
-0.5943874043502118,-999.9329459377285,0.6713405637243473,0.12586072108701732,0.19467755223728436
1.0030335451159005,0.25773421234302096,-0.02341863687083695,-1.0997101045372746,-0.2957593790455849
0.4981428020851152,-0.19472941527706644,-0.7173827734434924,-0.6740659440235085,0.9083074430064663
0.36583679872657526,1.7028561841571657,1.582215457394517,-1000.4271993818661,1.1377978914233655
1.0168324215293358,0.23196736765757464,-0.4552343937991846,0.6667328363576297,0.4444789725977094
1.303822024889554,0.6176639966757234,0.3839090335136466,-1001.0341365612761,1.2396080930965685
-0.4911660264021937,-999.1022441641747,-0.2776999796586608,-2.088553611144086,-0.8714232090165697
2.832952476488891,-0.0024858139205980383,0.9663912463729005,-0.6496002264429306,0.25514766748732803
-0.4564424043245128,-999.022192992559,0.38579004396089717,0.354526336373871,-0.7568215469640275
-0.0761538784368457,-1.313310318213152,1.4465390046611224,0.9554936343240187,-0.20175899150606136
-1.377232316983165,0.932834886404503,1.3271785910348524,-0.44719438630256714,-0.42927269421899006
0.15524952198903952,0.5320523616395,1.0636964023344733,0.01668263155236753,0.8646691102543745
0.15740483185020743,0.10589959077206844,-1.0542908050891355,-997.151999882455,0.002729464657568095
-0.8801838357579341,1.139297838282998,-0.6936757384278864,1.5197692495244708,-1.4361349455067367
0.7942121827679441,-1000.7181857515159,0.826212496954007,-1000.3222568832498,0.10578391210146174
0.6813514961535796,-0.6228356310528158,0.37320919227755067,-997.5828164315244,-1.9718455376751063
1.144574348395544,-1000.3038660037765,-1.7446817631275882,-998.0580358587856,-1.3938123745630502
-0.656739029471843,1.2041926630340964,0.6794802563429949,-0.03545536496554257,-0.47937192822496905
-1.0436377148486589,0.5861437359578342,-1.179883329825759,1.1066801112025555,-0.29569333677035137
-0.17690345455250145,-998.3165778121167,-1.1726719142927855,-0.15597966241912822,1.432301674107485
-1.4992590391297864,-0.8362529095981768,0.5258219247561743,0.004613313530207083,1.0329773182617257
0.6689241086219037,-997.6221153993788,0.6260208133792111,-0.12200761975436553,-0.024255284134885424
-1.9590733215979974,0.14963217845781723,0.9098097254768239,-0.9249463761573262,-0.5736780473826159
0.4504499943199968,1.9682993634314825,-0.30151436983513596,2.165806685091988,0.0037880342966744823
0.4163327979920729,1.4244598633754255,-0.011232290383457825,-2.594223129630508,-1.2919176648561543
-0.09486204009832588,-0.4415210431964128,0.44529612104166877,0.10141925688117272,0.48803088353177765
-0.6424710199466115,1.1774684417210224,1.2063351304800074,-1.876543362799703,1.111928263809648
0.49286549531841706,1.2208132455544256,0.22733940307614509,1.4093955000818152,-0.4467289888017877
-1.434038646281951,0.0559030567986767,-0.7204702277575132,-1.3689066488429245,-1.0910879035846002
0.6516006438440688,-998.773212468518,0.5860452513488749,-997.708095846845,0.38996965845503073
0.21208674167993916,-0.1511453592560596,1.2713324484400508,-1.2277866468457699,1.9796595166483908
-1.5929271463278316,-997.7181327499201,0.4418444051265616,-998.8070454551281,-1.759956786926118
-0.42315236940109857,-0.8549455738943369,-1.7341873707013948,-0.5316032752499101,0.20149110872986312
-1.3469922870251687,0.9815018100794494,0.2615085303721525,1.0488454844021085,0.1972487920024705
0.9950523321629431,1.950517104153207,0.45043333262244895,-1000.2361395804764,-0.03519663931092837
-1.5902027370322211,-0.6126134432384052,-0.9615302756169867,-1000.0766069982702,1.4746001593156401
-0.1562065848713066,2.4613254089088232,1.548586947419289,0.037773617413137346,1.0745086769714263
1.021609410257857,-1000.5020059903005,0.3835510904648717,-999.9198447758074,-0.7889751753284867
1.2732590512737811,1.3778272882540903,1.196231991830908,-998.2377954614888,-0.7057308263677535
-0.9969687903038836,0.685316758900641,0.3353389020873722,0.977847422793356,0.5810692107724484
-0.4895233614060521,-1.3019928112643842,0.14086021497813828,0.7581119580140127,0.018246304399940207
-0.11498268292479348,0.8979860860368112,-0.19679577621033228,-999.0719999519747,-1.1089842573050763
-0.5579390669042126,0.4272841520853285,0.8680934477162785,-0.9780600757160189,0.6400386536770324
1.4966885564681678,-997.98533472901,-0.30678265717682324,-0.47090145274965445,-0.5508736165124616
0.21524313023605832,0.5751781712140044,1.054372581047671,-0.7543539851716451,-0.1733169872447496
-0.48040440426157005,-0.21472262452142993,0.46676661742763365,-998.8603857076356,0.15043968122687995
-1.7370708892923516,0.6144983543982502,0.43373115176205806,-999.3271098503105,-0.014759556883144807
-0.32478745456221103,1.3048333183224317,1.3138283795094967,-1.5444107625793508,2.0562830220192745
0.7449056643873059,1.0880079269452148,-0.31248907878283183,-1.611955757750388,1.4221472838650158
-1.102732318748142,1.8700025905046473,0.7543365909569653,0.7157552441139995,0.15980900937721243
-0.2317314089359802,-999.0327324556725,-1.9778327952924346,-1.3180277856556766,1.3278971779091346
0.4205930566013358,-0.48642734391415743,-0.8829900201077356,-0.6818337746573083,0.2945754099319242
0.7693491017163859,-998.4956657296939,-0.23572832707733057,-1000.2354092694061,0.9028383641769545
-1.1818850396584317,-1.1632448449472244,0.8256113826859058,-997.5485988520928,0.5993412579332712
-1.1204235070529256,-998.6298876264,-1.2511510928998648,-2.4144328485038007,1.8343692047707771
-0.3556442277365905,0.01897385208681126,-0.40349395233172347,-0.3971245420310777,1.2260335911354254
-0.7873457386239472,-999.0675344828545,1.1629567862132661,-1.726566999203237,1.6143119593170379
0.8164973212603297,-0.686494049075343,-1.4775713669026205,-1.0577480109486221,-2.1347702149388867
-1.6873767094850503,0.4938141304779006,0.23720900627794683,-0.4248099552346681,1.2559607061220839
-0.5010186305437413,0.07869411846646902,0.020768485525043113,-0.2685946421527448,-2.394209001233444
-0.7384219702933991,-1.6954740046559347,1.1645910128739667,-0.006802055716038435,-0.6290198264443143
-0.7037876139683632,1.0117256337334233,-1.7515666454913974,-0.04195113810243791,1.6629483888566057
0.4500780496216915,0.49726616949378655,-0.5534366705222764,0.6685286926870113,0.06254816751260006
0.11234703332727591,-999.4724971487034,-0.5080608102727585,-998.3717523117036,0.1387708250474744
0.26397490302937426,-0.6173767985561348,-0.20380556774098396,-2.138333945215135,0.3669475162555471
0.39982068391600756,-0.7372003887769052,0.058534976142429605,1.439363767472834,1.0454031990716581
1.4694647771946507,-0.026622781137426988,-0.1611532964802301,0.6263788119351456,0.21557747392356494
-0.5691833418154179,1.4677851422746122,0.016718727030033808,-999.2430109499214,-0.8538054591309283
-0.4722644705878962,-998.6472392287692,0.6145819505146334,-0.6870045853270901,0.3407956430658507
-1.7733998298997053,-1000.9289812325226,-0.08009483326103771,0.04646402186960499,0.00565926446702475
1.026941849267285,0.006396306305929286,0.7023985821293683,1.4564576809026983,1.5601580702086297
0.9114954152174205,-999.3228141643884,0.9305000136282502,-0.2799639458826568,-0.6049667206943126
-1.5600730540266707,-0.6750043853507482,-1.2933993036634015,-999.0322202539054,0.7827189729207945
0.8046244590268335,0.8610928134039166,-0.6712621738201194,0.7023233697347521,-0.2857951102899989
0.900787693367951,0.745280557053823,-0.7137001437164505,1.3033360347996605,-1.1267349254032555
0.2495035265262464,-0.7622084283222974,-0.27747499481159094,-0.8638874295992884,0.15534926277187866
-1.2409029629833064,0.5322315642120099,0.45999489815936256,-1000.040916640811,0.43603630485009487
-0.26515379821205065,-999.2234887550143,-0.8866147753060255,-1.2930379472842424,-0.4479947865814941
1.0205370352687377,-999.1284708257449,-0.9995543638935812,-998.8435132689701,1.0014141392155047
-0.8504399947232297,1.5281118163331264,-0.5057720986036012,0.9902995268566688,-1.8020232065654531
-0.8700307232271588,-998.449468152586,0.721691392716815,-0.17955188496029026,-0.7589287852218461
2.3580798831582364,-0.8348733316410788,-1.78818391497043,-0.5045360833482039,0.34671783496222286
-0.9205601440991844,1.2294838054499484,1.7931474525451951,-0.44880122979078063,-1.0483813978062964
1.792348733992163,-1.2204558779767158,1.1983003371961016,-0.15702844874958957,-0.021617624666124283
-1.0047848316008121,0.6625420696257318,1.1816527634430345,-0.5992457238251311,0.42405972131718506
-0.05177493319614367,-999.6585876085387,-0.5189548372811478,0.39031613055465014,-0.10572382756786142
-0.503504507848791,-998.9040640897192,-1.7455140175128603,0.2803838314099615,-0.04543300316539256
1.5093524723803333,-999.0986709258033,0.03263685136690472,-0.2717004279142984,-0.5278381030746795
-1.117223564744219,0.9779422163620561,0.9845991521040198,-0.09472556968135964,-1.6734587568831176
0.16499916841484993,0.9975960433537131,0.4639655192755471,-0.06393440369660475,-2.1999186845927867
-0.8555590702964325,-1.3493474707683408,0.5118074897086337,-1.2711796208540833,-1.8685298463580318
1.3977806686992837,-999.1351696039454,-1.1827974294231662,-999.3679994234943,-1.1239271517446099
-0.5238319310222473,-2.2370364703618573,-0.44926124158888847,-1000.0456882810261,-1.6084197489985546
0.24252745384966562,0.11100200882732611,0.7950801814877592,1.2739428872983842,-0.02570187831794713
-0.8783607363639298,-999.9821819970301,0.2558397454371819,-999.3115729274373,-0.23021002109485264
-0.43761348416713153,-1.462419392573492,0.22613627169881045,0.30492850985244485,1.8810754965508325
1.722097011089154,1.2298543851636892,-0.27164141757569155,1.7843984616954016,-1.3925126684194462
-0.33193289874079795,-998.2751269972043,-0.6982907692586029,-0.6524667893481823,0.4227395706657572
1.8129227213100967,1.766972935181861,-1.066563775111128,1.1271053698523508,-0.625044047746317
-0.5243489657510697,-998.0955407160583,0.833167304843405,-999.2957744059519,-1.1873305229870326
0.4826535285498414,1.1934967971124475,0.9175831709650172,-999.5434282194911,1.6256726823918528
-1.7675805570814758,-998.6836791501368,-1.7008010298580811,1.8529259551887611,-0.5321584280355172
0.2034917617387041,1.0450618231949926,0.1234943788887061,-0.8247135046909625,1.1773392186646785
-0.5935533062411733,0.5672052931157581,0.6085067334197044,-999.2633233391678,-1.3620120703318104
-1.469806961597633,-0.6123733952135987,-0.26863597013941837,0.25218229558472477,1.084145761167031
-0.5463521608714894,-997.1507356622182,1.226747182663886,-1000.2366176618136,0.029400431657637893
-0.6337959821780741,-1001.6268049075693,0.7991393207061026,-1.7692825628267543,1.8150902059416882
0.9054332209591105,0.7468487308274471,-0.4403631105355158,-1.6079587041062313,0.111754701049886
-1.9772918466900296,1.0654594703223497,2.5170959553249697,-0.0899855616656094,0.39322955525006026
-0.615330041692892,-0.0018776049261017627,-0.5775730392765684,1.501841808771598,-0.452362587961294
1.2376616509695606,2.09972244578723,1.1156940388186292,-0.21467967305263147,2.0823452830334097
0.8779601068487997,1.1155054464348042,-0.5973069894032124,-0.3200627923721166,-0.8984917088300651
-1.106898866344609,-0.845109640264051,0.9963327210874432,-999.2199862418074,0.2216529419904412
-1.6888638932149802,0.2311761897914379,0.7235572755933645,1.5853626614753815,0.057835893581523926
0.3629262101879171,-0.3360810478344638,-0.45162127903849636,-999.7063307357823,-0.1485856282389334
1.0540527950540568,-998.9321771961356,0.785295045491776,-999.5681130930976,1.5019670760214239
0.5091923747644054,0.200431242008729,-1.1452987839244504,-999.5743009136122,-1.3356662773091261
1.5804798066104324,-0.7917331517415466,-3.2705812492288255,2.496704259500264,0.37537869629271475
-1.2177342943330636,0.6041355913565836,0.8928848931445236,0.742479423948273,-0.5905999100550527
-1.32598560296582,-999.194430583352,-0.8357852919734983,-1.0846756743630803,-0.5460426306689723
-0.47220223120769816,-999.9246004534314,0.29351506308022124,-999.5263751946843,0.8987289441346726
1.1815106421797776,0.520019961878216,0.06302445595527413,-2.3362828011634833,0.4025414225890545
0.7281960848799732,1.4189438188002614,-0.38827290575489243,-0.13914079775306587,0.4379299743726578
0.15371093337293126,-0.9257177717389266,0.7981245152289279,-1.389190548505346,-0.5295652076764474
-1.0467366909824818,-998.3661978070254,0.6541433732519092,-999.9495941891099,2.402617559993938
0.6809313321414496,2.304104302431453,-1.2897775149922874,-2.4662277821154457,-0.7379017562578468
-0.267068437661976,-999.736617783449,-0.5023915385651219,-1.2682962195089071,-0.13514071429308477
-0.9745250082483066,0.3687220611313285,1.290521839274041,-0.9115493677669341,-0.28335143090566045
-0.9628280648650697,0.20004607961621504,0.8278000817261203,-0.16407512328714316,-0.5687858920140477
-0.6186070585287519,-999.2591658574737,0.34760647375438125,0.5834711097555119,0.22632613960836354
0.5277776714086356,0.8416756130697055,-0.38649889339302534,0.3163333674912788,-0.09365555931605958
-1.0281269714008918,-0.9684421388531566,-0.4249532203125259,-1.593860573739673,0.47002803097130014
0.2120447382692624,0.4953231428615762,-0.04423672536832182,-0.4779472230624094,-0.7353471775846475
-0.5731742603945829,1.8942839139471956,-0.1484579943374798,0.0014535290874497168,1.7689870864402302
0.14603593375155133,-999.593424572306,0.33499327348096786,-0.7767485360954498,-0.07065573899404162
0.4298914102787909,0.30182018518862863,0.27108501263830914,0.5710130194951051,0.08662241647647533
-1.414995245922593,0.549184905429891,-1.004064133867696,1.4290105017598427,0.31273082152403314
-0.026453207171670982,-1000.3781036796915,-1.7018696140324805,1.3504468310984399,-0.8100468568945175
-0.18598108946465852,-0.6139856668687194,-1.6094366847405286,1.381924711750023,0.6231523583811432
-0.1950468196179929,-0.5893175373295614,0.3597946713345909,-1.6795444600537126,-0.27183914684963145
-1.865961979329672,-998.7350116025214,0.8685401435730259,-2.315890968661689,0.6519137069207782
-0.06885042784853922,-0.012637541730172397,-1.8246824204315313,-999.6119281303667,2.515001840919796
1.2111010038851544,0.6921416673844583,0.7529224274741474,0.7539892081174655,-0.6186677034174339
-0.9302022346843732,2.5168350140624844,-0.29449054322751245,-999.1288159455311,-0.08825526624425545
0.18796182273503395,0.010954737434973598,-0.9178177711471741,-0.6958337649821721,-1.451601181583152
-0.1578957314148834,-996.6284569359638,0.7836580664918315,-0.18227756437647394,1.2413924610304259
-0.42236927765073967,-0.64226532580191,-0.03884461177629194,0.2209327331047028,-0.05586384394180227
-0.1794004034516926,-999.9977889357754,-0.7008399248846888,0.8327247500399756,0.5959032417119094
-2.2574822325728228,-1.1089589077140654,0.4301982655807281,0.4896824306370933,1.346962951297446
-0.048935749546766716,0.9546966608196653,-0.5044622718299567,0.665413770440515,-1.0712621384706016
-1.8998190643121873,-999.7677126501652,1.2867660679831046,-0.6029910609752086,-0.8599502677855669
-0.20264766547092747,-999.1963464502808,0.8813447550303718,-0.008701918001103244,-0.581628946151706
0.055373510919013484,0.06492755229328324,0.11790053286273161,-0.9795797926060439,-0.7071257876946555
-0.8443350860822135,-1000.6481242810228,0.017592768966385054,-1001.5407951344852,0.7224765826350652
0.3055094519485607,0.6867279546989501,-0.4578740457193144,0.3929716567985648,0.010687949408610118
0.7688282058823456,-999.5659986061902,0.3049565118526516,-0.4041950201339791,-1.0460749220729968
0.5607322333237058,-999.1096110517101,0.16564336148852174,0.03712192113660615,-0.9177846343114888
-0.32235101234742414,-0.719519033994428,-1.2312535902153108,0.7072729227302578,0.35449254452426004
-0.26459870354633747,-0.2193319353310125,0.3728785693239033,0.08367167746350967,0.842427506105816
1.0663958875274258,0.0640836070166956,0.33287876514562803,-999.2664764679567,1.507597898153927
0.289962653483744,0.6334872435416216,1.0469871420616998,0.4366866178208716,0.6258220363205685
0.9117143097905891,-0.4247997437056954,0.8980126890422085,-0.31896600959216254,-0.8054458890450333
0.781271353812778,-1.5299916970724972,0.8713564165361728,-0.7133004800458326,0.16412014132297248
-0.5077782309378062,-999.0247981844622,-0.2570285883682189,-998.944145696511,-0.1437405715522383
0.7599769317535011,-0.3563779263835284,1.0022347477026157,1.7576488738008416,1.2299149707278734
1.2881119060918218,0.32132742678046905,1.102991785725973,-0.6029990105738728,-0.09704878082544639
1.0033416830145923,0.36706400814643214,-0.18775419781264058,0.9561469297841025,0.6289545109340732
0.25633529808797,-0.7921814143109263,0.867001047940772,0.23674766014941256,-0.20508771902055625
-0.880333433874584,0.22380925973938695,1.067003017098528,-998.9827296299113,1.4215114344974193
-0.23956632139279885,-1.1185822626663893,0.5087299151193263,-0.23339660755397348,0.937482588005239
0.6726564548497224,-999.7135417959169,0.6214352162294876,1.1287914014942257,-1.2156453505672054
0.7703624196413374,-998.658448065312,-0.7108257907168098,-998.9442182974608,0.46276935369092953
0.5529459865738262,-0.1783284776600203,-0.8303339115060807,-997.4861977043015,2.2635115870660107
0.41990675745621847,1.0883010398007777,0.7007863407715803,-997.9304961012067,0.917404335703357
0.3829526350914983,0.5513241733629213,0.5151379109270011,-0.059973878921246955,0.7379420565139853
-0.7621646719609959,-0.0820266436765456,0.6514823466242811,-997.9386818363176,0.953940185013044
1.2068315435947234,-0.4710726028487994,0.3805904763384104,-0.5510406701695226,1.1072531109067054
0.62124614513474,1.5794861886886862,-0.9351407085148878,-999.0266906613558,0.8482126734585754
0.1566596714590231,-998.9456692059373,-0.5123065285854035,-998.6219540119205,0.4403605743967139
0.20841895875549757,3.522207280556641,0.6864435380855486,-999.6206359336595,1.2922712702902412
-0.12122978865089268,-998.9668736312826,0.12345995082344098,1.1498557210437252,-0.5106458162239824
-0.2169938417679227,1.4594946016557895,0.22176298393175523,-0.6791636986694332,1.3010327659845515
-2.3917977844110165,-1000.2021144851092,-0.43171713286441527,-0.2281407322211436,0.5511941711914912
2.1412516064578684,-998.2970741056635,1.483714968615384,-1000.8318371185848,-1.6684016025345065
-0.11800767935852172,0.23646876847534282,0.6719894245106949,-0.4358885045410722,-0.01264561855008995
0.7649995000043646,-0.21619699456339825,0.04757428497464336,0.7232614543029298,1.3277035031503572
-0.5427472711875162,-999.8230821960641,-1.02665351674327,-1.5896062004540932,-0.7231765509536164
0.3140032040063665,-998.5038259269934,0.3262509284116732,-0.2882450007337072,-0.19092975322734662
-2.5500128533065247,-0.44933390011290114,-0.8891366757930428,-2.42236645678632,0.8842345143619785
1.0668101811022292,0.5912648641959608,-2.0209270402309008,1.2894647429353763,0.7686703909751822
-2.437157026531845,-999.765392795787,-0.1049746976164964,1.5165106555497527,1.031949485592353
0.8972832655564478,-0.5709751640064015,-1.6883364387626478,-0.46891127543379124,1.2757557200042053
1.1728381447916287,-0.7992465914255648,0.6142774069398105,0.1621049276719908,0.27757442016937633
-0.804682513802574,-0.6538781033990241,0.7442138863504582,-1.4756169266316335,-1.011669222440786
0.47871439706424096,-1000.839366800471,-1.3796225979468528,-999.3210265339035,-1.1449424823402223
-1.0438042151417468,-0.7771067945366925,-0.8253576409044615,-998.9355573063089,-2.122842679410245
0.24948620128850432,-0.8334494823562504,-0.10369442164788951,0.30840884234710475,-0.6459813478090262
-0.8609665274216907,-0.6265760478338379,0.3174629107158097,-998.8386172409604,-1.3594128915361898
1.7109010659835093,-0.848892253124817,-0.28166517280602643,-0.21278245032096377,-0.9482953574219245
-2.6493014335265745,-998.6917867931389,-0.631113005773214,-0.5668502346298855,-1.6163884973677827
1.1089194452866704,-997.742330986272,0.7282816939099991,-999.1530535760523,0.009983695439538011
-0.08259506682633849,-999.5865505589478,0.8760265102361972,0.6359903999499446,-2.175632832976422
-1.180443438233963,-0.8641376457690413,-0.7043943884044404,-998.7895886711527,0.5680467470606595
-0.27839224015300146,-0.727099871358609,0.19559738453133033,-998.6724829176167,-0.250590491225287
-1.5898514187760955,-0.09891908902436677,0.3008162126346158,1.950327927539222,0.6068999386914666
1.5382255361235337,-0.8471374455004571,-0.4805692409756391,-997.0483767941153,-0.11621693332166987
-1.252514520014375,-998.5101672298019,1.2140908421541308,-0.3860994128447767,-0.64902315348334
1.0980436637663213,-1.067564594745682,0.7017695316343846,-998.9403773452146,0.5575000304853378
0.43053539193903445,1.8329723865033496,-0.006715752698899505,0.2638127681320185,-0.3915491764947846
-1.634432918628835,-0.4786323708004896,-0.14711489680364961,-0.30589296735518035,-0.5750288948658173
1.036725348616295,-998.8108578722876,-0.259084473110392,1.046481977237538,-0.3189845222336851
-0.31271393374974316,-998.9568584416886,2.0628457442159416,-1.1707038978119078,-1.4482522051695963
0.0002801273770704289,-0.6984076514117659,-0.7333253359745164,-0.30755016642633654,-0.7609124022032224
-0.31763461917573155,0.5320153382971877,-1.8686413035921734,-998.250191298625,-0.030223542262243476
-1.4587618196720922,-999.1078224505892,-0.8194947727594687,1.4490586924546953,-0.8603818416971679
0.26252661960757134,0.8959170542521574,0.07938742177686708,-999.0139447590902,-0.5666211947767439
1.307323135271731,-1.2096531392392003,-0.9442884048716326,-1.271892919420058,-1.9751033373560536
1.8342629680451654,-0.08943158904287427,0.3274228526801459,0.3450101058320249,-0.07275132998382915
0.5439393763766992,0.2290910951940258,0.6816127708049431,-999.2994313132582,0.20329055621311992
-1.8059350773653655,2.249538737700547,0.858401727244233,-999.9213681329218,0.5033348691189173
1.05844193254946,-0.2716519464937129,1.1109028432584067,0.16811802135051912,0.9691402559903683
0.47392692327504604,1.2400481843743607,-0.03164592899650262,0.9908066817719818,-1.1829143443883772
-0.784464853367638,-0.11842086406933107,-0.8836402353144687,-999.9043438617223,1.3381257102652158
0.21200242168705674,-0.7039033637308248,-0.0029019144610763613,-1.3388017133928605,0.28408443409296336
-0.14629422899500255,-998.8025962805898,0.5318907780549336,-0.02751090847356828,-0.3054403599051334
0.15181457599415474,-999.116931969028,0.7869149669015264,-1000.1997607550613,-0.9808064165236071
0.7256468939986765,0.5852498418561405,0.24700803030660373,-0.3138970441543228,-0.13424540644673927
-0.5302557300231348,-998.3902617925754,0.08931022688228962,0.03826714703833842,0.9542579089118607
-1.0029509669541201,-0.732776978866736,-0.13170186232074307,-1000.7741849379217,0.6280621370197128
0.07516739447285194,-0.3339367125957456,-0.59198709310874,-0.20073718431811324,-0.3898129606612406
-0.8099539330411932,-998.2464541142009,-0.5413672333794856,0.6102219720447035,-0.9572271794453378
1.9255135378937747,-2.140135464851554,1.2988686771938902,-1.234339299175067,-0.5565454444056638
-0.13484092778406434,-1.2351711653674944,-1.3187667139623804,-0.7429875582262119,1.6468372990775628
-1.7823828654067813,0.650175612673872,1.5046072915521078,0.5309657948863542,0.018180070871412404
1.2554962427513912,-0.6778040618079212,0.7605595216571808,2.5937202625241436,-1.0392622181030828
-0.4922576558956524,-0.7223277517204005,-0.1934853145283831,0.20426079416048687,0.3102222128281366
-0.24869705669867484,0.21752573598949126,-0.9626471879454475,1.2109471934060894,1.2206639237724874
-0.8730854706542532,-0.5888958277516299,-0.8066945766974365,-0.029049055990394788,-0.8192431367201795
0.21480034587695246,-1.0229156059143443,1.2860717010002527,-1.340887073329055,-1.481254146620447
-0.18991553540572764,-0.08517724090566829,-1.3731732973215243,-0.5136761168889538,-0.9859218389547653
-0.3667040812931587,-998.7287205569955,-0.6165957441822021,-0.3897288703612027,0.16722252132918342
-0.9567370277505817,-0.11419881074993607,-1.287840395647343,0.8730754161436108,-0.4434922791269889
-0.5320618769295294,0.0323748082355404,0.8202959359050527,0.40829779345379025,1.5603439641718055
0.4685601956745779,0.4294169610512695,0.9259846675200819,-1.5460288712353871,0.8411047162812484
-1.631907184850478,1.1653029551430216,-1.1035823787496488,-997.4308105663043,-2.0613676460443067
-0.7783865508625685,-999.2201358275448,0.416203409385441,-0.15416332990635426,0.9486257430591659
0.7653148246598284,1.6430100121153508,0.009881192486729149,1.2364378688007662,-0.9853775391179692
0.9430963589610131,-998.2836194827131,-0.10072317214770983,1.053827034803519,0.7948111912010921
0.36979360404209904,-0.6008087556591504,1.1408840279764356,-1.7413288357083458,0.6700000685610208
1.069952062163145,0.4738235643974421,0.03567642644929783,-998.6587199128921,0.9462683057695179
1.1802115785682021,-0.0916995055108777,0.47989941148982396,1.167322532573495,1.2747908762342242
-1.27949101099971,-0.5541304066973053,-0.4307125552021696,-0.408811021116774,-0.40436068735824476
-0.016790560424215676,-997.7884645786402,0.17022929212785295,-999.6013139443307,1.754000594582645
2.364877058845092,1.3744801946822767,-1.0425214092259925,-0.18292535162227927,-0.013592321528440882
1.6182408708040115,0.2943242476691797,1.2622054702640837,-0.2344703833868613,-1.0502258007406968
0.6119967924655062,-999.4490582350294,0.2119677687630947,-1.2204453659912875,0.7309514527100975
0.1889402801311071,-0.010362623988703624,-0.7987157907595377,-997.9614301630422,0.0032478255319441035
0.39806929345231185,-999.3348440762117,-1.246157985910437,-0.021616986150050057,0.3883199336852252
1.8842682182553983,-0.8007241726883563,0.6569618843059367,-998.5667317882017,0.9981005005910526
-2.4844414276181954,-0.47432398514224644,0.7192423042520151,1.7786521545912737,0.2419303078529736
0.3047372338110266,-998.8786354879203,0.6787201351468618,-0.8269450685882157,-0.15888686532647678
-0.5102029250569865,-998.7622809943329,-0.5202764578879626,-0.15739359270254621,-0.8222659229454637
0.3246879018556562,2.5308417673443486,0.6501419052721367,1.0095668621473708,0.6639204621542084
0.12754948092266583,-998.1314419415393,-1.1096264323337939,-1.4996715542162875,1.4049296191329137
0.7081305790870441,-0.821574842200448,1.8453379715567912,0.6766262715210418,-0.6259735614200785
0.8649289390127484,0.6545813498612745,0.07063078971973351,-0.11144258783390673,-0.8834919562768401
1.0793711683626246,-998.4962045581227,-1.7157733619642666,-1.168200018116476,0.8428029927116439
1.1242174741008113,0.5335002711756106,1.0533236839215891,-1.6848491532152028,0.11236781093414862
-0.20703247418475743,-998.3772195170785,-0.780066604822815,0.32667522657683606,0.46922084501796274
-1.1056704573545597,-999.5924386307536,-0.7142861413307992,-1000.106998423623,-0.3668815357455385
-0.949088054903266,0.09402190636458799,0.5769679487636469,-0.25269359045736317,-0.7347426865250549
0.23229635113305896,-0.40564993116950704,-0.5490646601622435,-996.9386009696809,-0.45562463390111735
-0.09199034817819883,1.233150295596447,-0.013004823280568331,0.33513561677007786,-1.9220414248843318
-0.30764883736918763,0.2353516711612891,-0.9543781080087423,0.4779799304347223,0.5169015428206196
0.4021292500356288,-1.3420194886104577,1.3812119058714236,-998.8333749911536,-0.5774095273709404
1.3214519680668315,0.31729505995143686,-0.9042032757744195,0.454657888311652,-1.4882479936721942
1.164447058467949,-0.6152294695666425,1.1632394179635297,-999.7120045331989,0.07421656181026956
-1.0884083181981865,0.45352071278475803,0.4580220844472685,-2.9156159443122363,-0.7436458644113835
-0.6338598114011821,0.538184779492083,-0.02943508421200708,-0.555216857537431,0.5288782081816897
1.001162066791292,-998.3079980564104,-0.7337655333924,-1.779369510118589,-1.1582865031098029
1.755217697900094,1.4494582251251145,-0.378144216283822,0.049584092855433554,1.2309316724004147
-1.387819396037448,-0.8777376112987089,-0.76498866759565,-999.508228942437,-1.9650309714472203
-1.2670143831511669,1.639514885152062,0.7854733220482476,-0.7203895084503565,-0.6643754229120574
0.013375614276700816,-998.6835230963285,1.6536252925371762,0.45994349945653135,0.5282100964453179
-0.3478115104106256,1.3758436061021813,0.1995962092296777,-1.2316160309505633,0.5192014997552883
0.4396061427246606,-0.9719078191112018,-0.023113391017007556,-1.0849992228221024,0.18359348785550994
-0.45644623793313177,0.41724799764266873,-1.5224565572257076,1.1576886419697676,0.5700223891946882
0.30979451618826237,-0.39848659591392765,-0.7003126432849633,-0.12625109478704988,-1.7086154182786177
1.31148252606749,1.242330396935134,0.7093812310843044,-0.9813912361996573,-0.49098499472804347
0.6896155021042067,2.406354464487512,-1.1338774889091428,0.9889201893519914,0.8303653026883379
-0.26828538949866076,0.201376321054082,-0.3030878673966692,-999.3724003148244,-1.466784681425013
1.156920770930407,-0.31278716215950736,-0.6847231093052065,0.3345463479087892,-1.1379192503224902
0.9743513035374237,-0.6993524853968875,0.45076119728160724,-999.4422738178905,0.532463978387124
0.04046937917640923,-0.35266089207880175,-0.30812114309771194,0.8902452584995897,0.8227075740276903
-0.8762918628538011,-998.2405524582075,1.0975501606090485,-999.1374749482511,-0.7766704865124229
-0.2500906804972368,-998.6038909731619,-0.24777287039705995,-0.09648191836163489,0.6849348644310612
-0.032365752276158566,-998.430952886315,0.45530246512735256,-0.05228905828503948,-1.3251108029805163
-1.1944802143122528,-1.276640116682291,2.7569015628736584,-996.8145571802735,-1.1632975979486722
-1.3642542408174378,-1000.3869521734987,-0.8276918950799439,-998.5718470725031,-0.26141189142462024
-2.945097691955985,-997.000557159263,-1.0383347398368858,-1.2555559856069798,0.6408694271435238
-0.9027860327641491,-1000.1045135452474,-1.7370561632062718,-999.4665137035763,-0.5482392174253606
0.2721676968271104,-999.2688383465529,-0.3346771064966476,-999.884436540665,0.2531302389545981
-1.666316197381931,0.4528398151059159,-0.9116312360813708,-999.4400930127441,0.6354685701320749
-0.191510779357495,-998.6336162961849,-0.5470268052553986,0.7993795016648795,-1.163281347995
1.1857564697899832,1.3200618294716124,1.4453440274333456,0.19092601975627868,1.3570629981872222
0.9359395520831332,-998.5272476835731,-0.1304274887205582,0.048796441436765224,0.3080390925510059
-0.6454427403872758,0.828887072566702,0.19973332542702835,-996.4927324790744,-0.6142250070749691
0.8111216104589523,-0.444918244461275,0.04395569346072678,-998.6581947448552,0.01854965156219177
0.9704301145177301,-1.7705348744143827,-0.3965436374855078,-0.6603779005227158,-0.8953832382574782
-0.945862407295997,-0.7288027492754761,1.3991767506547093,-998.5148717529954,0.9228713455144816
1.2465932669756552,0.20722112373989862,-0.22052958178920856,-0.18379869356147163,0.11568199375011347
0.5029380457288497,-1000.5238766573042,-0.4620233565937553,-998.0813904698482,-1.1076589051443078
-0.18299658425341916,-0.14329530801096876,-1.1070677208233133,-0.371400200371158,-1.4775330878742028
0.8946063906911653,-1.4012880991817929,1.0270253283070752,1.092644837480012,-0.6619554484099984
1.9558397395863696,0.6593961544721142,-0.8213855960806319,-1.1135605814698672,0.5179188757945346
-0.30618448462305037,-998.9394498565091,2.1586247952826025,0.48245306495833473,-1.780866505465615
1.0467560514333993,1.0014569772738207,0.3439566824350045,0.6591602855042621,-1.0691896646155878
0.4642270428263981,-0.043283693008089666,0.5671033934732665,-1.9673306795667471,-0.6132750540068526
0.04796529473571683,1.1308070113322737,-0.7549648658057373,0.2249881744995042,-0.34642233474453726
-0.4135686763945105,-0.35587202392269984,0.448588105928864,1.1350359231969005,-1.782088473218136
-2.077538991752774,-0.3086398803870507,-0.9802569488213793,-0.23903235438913606,0.9474044191670759
1.5426822604670525,-998.7932734944645,1.0095759947374012,-998.8589932567461,0.5456666052256454
0.09425080785007814,-999.5997680067424,0.36811911290277466,-0.06631058334598962,-0.7682581404471776
-1.5843719481866652,-0.926286547731543,0.33729983493469723,-998.4787631763379,0.27347702046792544
0.18524323530156406,0.9605843974524099,0.008222390591129,-1.391597104127234,2.127825634222187
-0.7279396733533023,-0.4844258753459041,-0.6894821727659554,-2.1111272007682365,-1.2755736628764989
-0.21273304802925053,-0.6905039039209523,-0.353643868094372,0.9592833783466995,-1.7217406063249232
0.6574852451819083,-0.8720951860484586,-0.6042257003446323,1.1911463073976614,2.473700781029329
-0.31747862732135357,-998.2416121153094,0.10134466183723347,-0.2494214555656845,2.1279439663774133
-1.5862984117997365,-998.7724915303093,-0.19606462421258491,0.018830794666865967,2.497734730388875
-0.2180274776660016,0.28035105364092633,-1.1766677491205544,-0.03161218880451874,-0.5009425660703916
-1.7447512088606705,-0.03963164945097681,-0.6661641009452255,0.8550674174174892,-0.2724077041762992
0.43139580186149434,1.443149987313599,1.8427720927300113,0.3672007651808437,-0.6543160374346834
-1.3526951562981842,-999.1000623445017,0.7280707820116398,0.3876669585366932,1.3871548425030116
0.8139353551310784,-999.5991341150878,-0.3209283408667141,-999.6317820545515,0.5371270239599683
-1.1425023208537861,0.4196607975655003,-0.23324925272886138,-1000.0823584997195,-0.8485749576726003
-0.7111615111408143,-998.8780678019557,0.9713706488128601,0.19959753069035652,-1.4268079820505424
0.6391484992931574,1.060458808605777,-0.2540489302384794,-1000.1308623161896,1.717262062851058
0.6517379213486361,1.1126818328215282,-0.5683630067833776,-999.6981998405521,-0.6322132980098358
0.31068770568146187,-998.5398587999945,-2.250490193001537,-998.8641941189713,1.376641580824544
2.2489311500925124,-998.6668956171798,1.867468446420386,-0.1736774607461727,0.8688708299299801
-0.9039177862205394,1.335424671312331,-0.42236431687368964,-998.1713621256549,0.7642474292847643
-0.933948315894674,1.539681780702803,0.3173137670169174,1.0540526021772492,0.22540027010839833
2.8054014947655093,0.74013078265138,-0.8921032077149629,-998.2909348332137,-0.7469625483551385
-0.025181199905328494,-997.905831865462,1.2613064451001645,0.9999556495324051,1.2548046489276012
0.313266145530012,-0.3610050081149329,-0.49834607587080837,0.03692536279713862,0.8639464088476967
0.7303596751054158,-999.7988394420914,0.7195008271330556,-1.6949175097048956,0.3489842820189118
2.5808720080094796,-0.35998260201371624,-1.09713698692844,-1.2698237214366623,1.933317417444855
-0.6748223362834864,-997.4919706470453,-1.046606067713676,-0.3423518991898825,1.5823441023902125
-0.2634587534190483,-999.8475521589365,0.5270190212645884,0.9134406118782241,1.417866132519858
0.05386452115160249,-0.922611024070455,-0.713978348389691,1.7173999554636374,0.29489988484850627
-0.7575349886651281,-998.005557490958,-0.192462002757136,-0.5065509589621451,1.0499300897578787
0.05857106142947686,0.0593826624283755,-0.4297821841688921,0.44280253810033315,1.8538092896721998
0.3210016643778205,-1.8737997797229509,-0.34554131967734525,-0.020001709533171857,0.4887718099904335
-1.0285894852624378,-997.5882046905726,0.6714582216687439,-1000.1119967316992,-0.919284970557638
-0.5093429060303004,0.4513727736240008,-0.09534055538959954,0.5573438008477493,1.4569708246118633
-0.03397218417491288,-0.2498602507449763,0.6147738842846115,0.3250635396882804,1.5023743489005374
0.31202667080404417,-1.9136274691425854,0.10871883793684986,-0.05345740731983832,-1.5719122529743148
1.246973673197741,-0.573432745683724,0.7135698381715062,1.5949693994985745,-0.8356826936823227
0.5353938207349928,-999.5041492832391,1.2591498744211869,-997.9333292421726,0.004431902154189554
0.3204831404460217,-0.16850614784632711,0.28296204115834606,-0.3462254204627778,-0.2531414655467625
-0.0666167852893884,-2.1837471615596087,0.8418589072353617,0.7217845235256796,0.028620553602011864
1.3113255067876284,-1000.5255209896379,-0.3612774407821985,1.525413926459544,-0.387832625794535
0.4094700914297848,-0.1150321117904344,0.7211690287016694,-999.3818419332433,0.4120435882278009
-1.2687346448234322,1.4014865296956474,-0.15383888642932458,-1.5102591232146894,-0.23425962153333094
-1.2112552434129342,1.8013367681922787,0.9134385017182101,-998.7050269729156,0.3289536718326235
0.7880232128030802,-997.7687109752445,1.317548624632931,0.2914590294591249,0.9438642963893474
0.11202038928781076,1.5491783716955567,-0.024966724680783627,0.5063363781599036,-2.6815120275956352
-0.7336996787285991,-1.0787861175109952,-0.13189200306973925,-0.6688785189707931,1.467214947787197
0.5716791904721901,-998.8861679193187,0.7795494926930423,2.2740928748816103,0.3617575627336088
0.43689429762462273,-0.7801985884809254,0.29976994669896273,-0.34949136830117855,0.4105113552013117
1.1719327656662037,-0.588083696039384,-0.8016252502419261,-999.3014554812953,2.2584693520987384
2.3363763452298043,-0.5219193413343671,0.568102412508291,1.8912541934122717,1.5559513786495247
0.4447502988406935,-998.4566099965771,-1.4879363625692459,1.5657363586415194,-1.0197169588421597
-0.6487665565634748,-0.16084164580829338,1.8053793084866436,0.2306916760909077,-0.1923242938713175
-1.7183860276247525,-1.5769802375468425,0.7044995981710844,-0.06971004322854044,0.8106649389969304
0.31319490873895733,-999.0859192284179,1.3895906970593181,-0.31580112728021187,1.1392680656105292
-0.2119783737855933,-999.1479787564398,-0.3360031568944401,-1.1783983314571593,0.3264702352862411
0.13806789210950648,-999.0200060888575,0.11051529971019976,-0.5673536389765254,-1.196661582106775
2.0176575428473376,1.3473740440000281,-1.5106952433818421,-0.5319647009671031,-0.8173569542748661
0.2499194957185976,-998.8711111812414,1.6486183535534074,1.2981980397944317,-1.0426379558845789
-0.8666191965161666,-0.6042557745520639,-1.0562559785533203,-0.30761581769676305,2.2225515272362073
1.003209344145353,-0.13195980683088643,0.42978170430244783,-998.0437471847256,0.19348748504191104
-0.44359283720393977,-0.35718623916554115,-0.04569702748692392,-1001.1997617153517,1.558691471307348
-1.3800319954925022,-0.3965208831015976,-2.8632859901622614,0.6792416145816621,1.2842443616860193
-2.000107401486449,-999.0057043157874,-1.511748822551286,-1.4843646166529294,0.5480556073368453
0.2699516857526468,-0.1378686984397234,0.30398228827458074,-998.852635904533,-0.10974191738946514
0.7390690248779878,2.3799466313036426,0.4097038850063306,0.11690054945819933,0.11975949023367202
0.1770227104625241,1.073248698255206,1.3530743854545288,0.1912733185584189,-1.574368864299261
-1.5183077183532534,-1.2037487630092336,1.7994309446616785,-999.4927797851143,-0.7045583887337226
-0.06376558919562825,-998.95692087874,-0.7999903864599943,-997.61305062613,0.6778500970915753
0.918112600527097,-0.3677835215314543,0.6231774241462407,0.1076582547934212,0.10837038653965515
-0.8687800741572046,0.03589006962913851,-0.29039797486426644,-998.6208465333834,2.0265727233380724
-0.8479146589628741,-998.8252563727563,-0.6293520436047354,-998.2357882793724,-0.14084479219288498
1.3129312963856865,-999.3728813798886,-0.07880622836266923,-999.4673071397434,1.3092819082792695
-0.37588205012593534,0.9689275994487422,0.6769062190518688,-998.2935595199283,1.310432706627906
0.16078579585552127,-998.2945417630879,-0.9621066300137082,0.8461660831652023,-0.4272552131898028
0.37913791427312155,-0.2755486615996293,1.1790918550330363,-997.7511584209312,1.7050187974559075
1.0892101262389247,-1.3484421319859266,-0.08225218431873722,-0.3314442988642809,-0.1699274841569189
0.5123859995017568,0.9694359613882815,-0.5470448156481771,-999.0949744759929,-0.35953847913701087
-0.2523863874884477,1.1527996354429233,-0.2744431040132616,1.1422425220536514,-0.6049573425579584
0.6885404352691635,1.2001501575210503,0.7162263705005496,-999.1458037028651,-0.7741179050502285
0.2370282054778445,0.08592953890591241,-1.300894781774569,-1.2110924413728437,4.056616637638917
0.8423158343188464,-1.1332597987872999,1.4021857871351313,2.087604099757731,-0.17176237349013385
1.0941637331755636,-0.2999920037370286,-0.2058828839352616,-998.8154240972641,-0.4234281087555096
1.8604705578291851,0.18967356620101805,0.785357368670758,2.0983220316906763,0.09787363077665709
0.7825371720882759,-998.2052344987251,1.3064966037603465,1.6652297544127341,-0.9973965869238606
0.050342486768116944,-997.7037584545388,0.035431154577122356,1.044390650221042,1.6254038022939734
0.6582658647678828,0.05319669924871291,0.3766730802253248,1.1026237794541576,-0.9002654017493764
-0.6299841587546007,-999.7508358909683,-0.7539461095703313,0.5243808023348518,-0.4640202866693761
0.025395772211548023,-0.041613598107030345,0.059434570244834416,-1.2711193262535663,-2.5601667165920166
-0.4839191453478639,-998.2604225205124,-0.4900745788728324,-998.5247044679352,0.5202107627111623
0.6253758169613098,-999.7616657346007,-0.13108817959537938,0.4121794952695126,-1.090181450306853
0.00210757782765451,-1.2186509660672462,1.8946432037813243,-0.2866324943901929,-1.1875178811051121
0.9548765058831831,-0.2624972372188774,0.21740943196914217,1.2182844356619065,1.3286320857935043
0.9576718946024703,-0.7468941660267162,-2.243913012424389,-998.4515034925073,1.9789422129917908
-1.3468125498919001,2.205721407099209,-0.6029681646714348,-0.7906774148460822,0.44827794438488155
0.09136485391816751,-998.2951773407477,-0.05354020609042527,-998.6800983309007,-0.6552149622483434
-0.6762176069383493,-999.4880840934743,-0.19352576971809266,-1.1294432686697826,-0.1454278335849311
-0.8264796280881167,0.9383461748680716,-1.1095085392723134,-1.0003308246556857,-0.5816484284628456
-0.036571879174101915,-998.2566193599721,-0.9915890351967467,-1.2613463037265205,0.5077571027249355
0.05188714392097196,0.026318382235501668,0.8622927301645347,-0.5698607267139888,0.7422816518165072
3.040129293718368,-0.2010607906002903,-0.04298588927053212,-0.20991504651252718,0.01887327275072113
0.6274306119411007,-1.205776382627595,-1.5018068792730672,-998.81278511229,0.20696818517392254
0.3757186247504175,-998.807809399495,-0.33787759962436414,-998.3942755160139,1.682398460556157
-0.9153045149158253,-1.217181459524399,-0.9729545058907302,-1000.6932091286727,2.6366216230443777
0.6672741511874352,-998.072569443217,-0.525473933922043,0.20395597850905145,-0.3513190572561702
-0.42222980982478653,-1.070873973545724,-0.31864728731139885,-0.0454596512343676,1.7198642758767082
0.23797516813473532,-998.7628652313941,1.4870898156552657,2.2840128504299653,-1.9136080428757263
1.232766986969129,0.35520488737726996,1.181173462975115,-0.29416569058926834,2.7376520260757853
0.03511763187388765,1.079911626895059,-0.6224917143909788,0.5818074420955487,-1.08354138193274
0.219811779075244,-0.33697495738050126,-2.0857802893531496,2.484128717837181,0.3236984614219141
1.2558994284070948,1.2832030623293162,1.1075497623280728,-0.7747686742775206,0.03237400517702443
0.627799593288922,-2.630158884590353,1.8178559770921279,0.3503079883056568,-0.408673681726819
-2.4989778549446604,0.422973600420659,0.07300049120877229,-0.6246901340703578,-0.1734318170505757
-1.525839275133055,-0.6992276087316235,-0.26799116450150345,0.6861062207378262,-0.31712816812270617
-1.2461810314424635,-0.6362207628419283,0.27040924310006476,1.0605057848667498,0.8165700439390404
-1.1698918876297657,-1.8265812807102995,0.5452268791704908,0.44229401050790346,-0.056669689633276774
1.9710739481735302,-0.472364822591705,1.513119904363258,0.6389712408356591,-0.9135733054848066
1.1481641050333358,-999.8627547549926,-0.8439047053880886,-999.1367026786652,-0.9187953176879217
0.3968751921100009,-998.7458314006609,1.2854087065346989,-0.11498722990158558,-0.6735461292240872
0.12347574989399737,-1.0874151538426393,-0.28521066839957887,0.751582709051165,-1.1404099227468611
-0.2767460901844188,-0.8627316797938639,-1.4972526638322103,0.9294445213676453,-0.2521476345882425
0.323171156574475,-0.7612316396241648,0.361102071893338,-1.2104854058388745,1.2133033233991357
1.2079750676056666,-3.5150839911537513,-0.5109077020356606,0.08808257008771403,-0.42965496193066466
0.6045142345549541,-0.49203789450818736,0.36659892734868943,-999.0263964845872,0.0750300819224506
-2.1205313737773697,-0.5558040276153621,-0.8460820726547865,-998.7960109384287,-0.5697379552325557
1.1084179237146532,-998.1533072657867,0.8297757188865643,0.6325977146912107,0.5357150308057476
-0.02421587479468665,1.1149828660348813,0.6047796335861947,-999.2743965240111,1.3953813739805667
-0.2649976685392675,-998.7486477568476,0.5248649769540328,-2.0741523727930455,-0.576223642422811
-0.5118872969681046,-0.5851807344431229,-0.7183788611730207,-0.5373661915748028,0.8941779761004821
0.5580801077256222,-1000.0269676560781,0.37384127475975665,1.781618297005669,-0.43118673109119504
-0.692193918644036,0.08978376622799047,0.3962899799817701,-999.766664913718,1.0769367554903573
0.01326551901863788,-0.6320446006726711,0.3013489382521196,-997.4234315508346,0.07899222568124355
0.018093334030918364,2.2078339737345507,1.2298505698800946,0.6531945081628062,0.19274846687498487
2.4201293483441004,1.3655289707016809,0.1722970878398823,1.9201932176696894,0.14783085419250602
0.7291095640251577,-998.6717802131174,-1.4742893935403523,-998.0549154760437,0.49721441570247754
-0.569121366925625,0.37755382321441544,0.1977508601385487,-1000.2496326855531,2.516994705865687
-1.127589392039379,-0.1904284100105629,1.439280209379073,0.7609557220442831,-0.7078015163694542
0.6185180650054133,-998.8974855673391,-0.291907130511197,-0.42971161222197446,1.410049124943562
-1.0681757312674682,-0.32032524185805195,1.8565360821565549,-999.1154094687084,0.37460359461970233
-0.7350736930948106,0.5475212245988964,2.1612683913857875,-0.4583014095818879,-0.47345053183436736
1.0627855735042708,0.16513050238449617,-0.564134185772433,-999.5003065417981,-0.8709718811927217
0.20026606867611346,-997.4314288736578,0.029444590240948754,1.17124024379224,-0.3621385973145347
0.7480849239667977,0.07632787597248088,-0.8759469851347159,-998.8955815549082,-0.07136700035222272
-1.2648023583154175,-0.3606072656137198,-1.3245081162426837,-0.8029824265633831,-0.7604174562259514
-0.03680379572494643,-1.5132976260335962,0.5972381184762768,-0.448075702613374,0.7610139846118629
2.0663174929846155,-998.3598218622872,-0.7454252327991182,0.40758981923435583,0.3496016712304718
0.07886836092708255,-1000.2487354346309,0.32086116379239327,1.1849092450391747,0.7810557713398792
0.6327282048094363,-0.5678881461268915,-1.3940195365091466,1.5474190380363855,-0.017262375763852995
0.9666670590997744,-1.117625132386991,0.14928449285112552,0.1019798335669907,-0.38749468269040127
0.47239203526112516,0.41979608753602404,-0.8808718832724798,0.33477536065066954,-0.04614341230097412
1.7706692186644408,-997.1414764451264,0.1245237625761277,0.02570011094223584,1.8403634315422108
0.6738694494119419,2.1072050768857413,-0.7454165310433896,-1.6585665647245598,1.026355792718293
-0.4727854603851557,0.4332036230722958,-1.1136857591429241,-0.388781334903823,0.41261337912115953
1.8639518768681542,0.2216541856563354,1.757105144732174,-997.3410299347913,0.26040914940039867
-0.4952514589873024,-996.6495611237923,-0.44053469299065695,0.20072002859969235,-1.4427920074592038
2.0068687772619715,-0.5147310337735314,-1.120928137048215,0.5706470617128361,0.11454607667165294
0.09883544609439604,-998.3144374135053,-2.6053256820955197,-0.14217471664379674,-0.009802346647778492
-0.22355929194556703,-998.371871880537,0.1379871732779148,0.024707815588055765,-0.4025821359352393
0.9563680571841255,-0.15598808223092686,1.4790224843645472,1.3201912393566038,-1.1762891961621944
1.2419332788348019,-0.3098118097579747,-0.7922043973215089,-1.0619071451030082,-0.10979734457607532
-1.4265895349150324,1.1928283136636357,-2.023484288628127,-1.6767808278262915,-0.33345861025077217
-1.734132038653737,0.5504844206822095,-0.03625668307170724,-1.713776742510559,0.768899989121214
0.11276636183023299,0.710895300436954,-0.9626118558107125,0.05943678844988071,-1.0602152045743902
-0.5950307519096627,-0.7947164557941866,0.2732457467386352,-999.1366794261978,0.3646396119252534
-0.42167462643394266,0.0875567244474406,-0.7339820021731723,-998.032056001218,-2.856483804243758
1.0032558075512614,-0.8876902999772497,1.5108115991976618,-1.0170111447260233,-0.21110824145019164
2.1473224591564395,-0.8216587078506397,-0.7466488628120367,-1.166351441596087,0.12468453629187666
-0.09222580372889871,-999.1958626670062,0.688370340747424,-1000.6179288789107,-0.4337314818876211
0.10567129769367153,0.5900459012319054,2.0839432085688707,0.4286114970513577,0.6035964637006482
1.2309509062412394,1.1139356164283258,-0.8831773672768071,2.0993886672558455,0.7049526293624835
1.0166851582176428,-998.7994185435091,1.1004422886117913,-997.5751310066055,0.7426625197391274
0.29431715905024836,-1000.0924073867255,1.696806015725712,-1.615587474291542,0.15738510019891438
-1.3673450323213163,0.806965239358504,0.036392217573494055,1.6249944077865048,-0.49352572830493385
-1.8356048849909075,-2.485351859121736,-0.5651197927004528,0.23257144413116806,-1.0487331905013941
0.41937665053635426,0.6722768819849797,1.3664421867749152,-0.9923314079331268,-0.6345731802324044
0.7639832445838148,-1000.1397455309497,0.5289083644673991,-997.8172805492997,-0.25578117358205266
-0.5391094435463335,0.8741956770677268,-1.3035856332945337,-999.7372968215565,0.9544705516814797
-1.1801032740004893,-0.21115052167773377,-0.5088184441834964,-1001.123933638235,-1.0733502083055826
0.9645174717646829,0.5880258264731675,1.3789235115816303,0.16777799294018525,1.7989019960891788
-1.5101821829246092,2.327808328452118,-0.8256986275985149,-1.845261129629965,-0.6025775766130868
1.2071495828355596,-998.303960267076,0.4256038944813705,-0.2780252549541252,0.04458371756707078
1.608164504689198,-0.5963098262053633,-1.2000308190782305,0.46627384532114097,0.071014097064066
1.636572072305568,0.6748811961288298,-0.665330497992946,-998.4757695869852,-2.391772951393112
1.6893707044078947,-1.7518839377160307,-0.06462589634528262,-0.1872383626055553,0.520544851061092
0.42785486008570595,0.33153985937929215,0.809191838920006,-997.9546168485821,-0.6519425932630347
-1.2257492099400598,-998.9788939996024,-0.9611270427351909,-999.0089958219044,-1.1178092008721447
1.341573410447406,-0.5016966388524191,-0.3567615349713499,-997.8346248130459,-0.11216369337968701
-1.136869466863263,-1001.1983479354436,-0.1485075839394119,-997.6659108323089,-0.8365725672227161
1.9789096568529339,-1.321922132921766,-0.2422524152833342,-0.017625266811037786,0.4646753131988126
-0.8926420654636142,-0.9280899079861771,1.6697738312647337,0.8582441114483318,0.08706176971760947
0.8902989159761877,-997.5915891579102,-0.2876782331821447,1.1385987237121316,0.7870225838020831
1.2423498318294444,0.09000556781764484,0.3586202710976479,-0.5417569156616143,-2.733991489630432
0.6007299828982966,2.0735688664655534,-0.8441161029374995,0.37199363859183954,0.3310051351664394
-1.2870715945301259,-1000.1152176886578,-1.0639406129423905,0.2526881235311668,-0.9196652116525703
-1.8092361342092542,-0.14592510839779468,-0.053519241709571515,0.8234288427568982,-0.8453831817850423
0.2641754875419098,1.712551900960705,-0.6545281685555625,-1.9411304132641236,-1.027073703343188
-0.8509251297079976,-1000.1929267389118,-1.0610075238753647,0.7220950001662875,0.9389974301515943
-0.8570400504569654,-998.9060038539172,1.805808997281865,-2.045975609514903,-0.9763477654349735
-0.16141137685536927,-997.4523745538058,-0.3413871169880163,-0.18452064156630027,-0.3357518695583146
1.3939114286987422,0.16934411619551065,-0.5848578885772093,-1.0757865164114284,-1.7888739515792835
-0.06703423168012423,-0.6271176428195717,0.33830505431561914,-999.8521964327438,-1.283467422113009
0.030722018769799603,-1.0226923400116021,-0.15655419553873995,0.5300820494894645,1.2476474713718908
-0.7528248370960811,1.1870870094237223,-0.6606160329696273,0.311928584764304,1.1973167057051244
-0.26468685854423957,-0.7096938678882824,-1.0693108413500214,-999.034604649473,0.4780840577082249
0.5694430791124965,-0.09888489750400514,-0.48943488218131975,-999.1994512341972,0.8669216115055464
0.07177214599797002,0.06582369531543608,0.6919521170553536,-0.03635013224734049,0.5253797733651536
-0.40337941272173833,-998.8385972460691,-0.8243059837309094,-997.4259355905929,-0.3079527286289312
0.5233522893098316,0.640077301463392,-1.3542737611219509,-998.9624937519183,1.216152492723106
0.6634444317835847,-0.6538824390948321,-0.17581802892316636,-1000.4702373814133,0.538750689919723
0.8785831150114264,-998.9253899796258,-1.640491201045355,-0.28301891187395745,-0.042526572197864966
-0.27997736351350827,-0.12128845314878407,-0.30866498453658303,-999.1540880111133,-0.5348812281861418
1.2648719756603888,0.5848666003744054,0.8188500265486912,-999.4606766530247,2.2299718949165923
-0.16404238207103103,2.5099375175143313,-0.20857247618743685,0.17447517697470047,1.9057270106748472
-0.6016172740195095,0.12511468171925244,-0.902177244120643,0.015927930476234857,1.9494633927084177
0.9158185598082493,-998.4892569108573,-0.5564939250624789,0.5566571357616382,0.4725407541495307
-1.790317062734623,-999.6670039821987,0.6275867358728228,2.106785011184247,0.19176231566908442
0.1694149971388418,0.30385263056736134,1.3320019739639208,0.6247398630961598,0.5436099416084152
0.5375360364054886,-1.9268851144656989,-0.38292612338943227,1.5479935237544573,1.6717057599791212
0.8126371544768833,-0.13943696818141274,-0.14296853835892945,-0.3781147407032049,0.8135731263122432
1.8518613187764223,0.9613583437353613,-0.5480580474303545,1.371166236302057,-0.1464885316334703
-0.2083349488008281,-0.498263736903313,-1.3322136453852125,-1.5194445812674229,-1.8926298476507204
-1.176180690791032,-1001.2828901984755,-1.2553280984213822,-0.6714587196315467,-0.604961143336681
1.4930448763787865,-998.3760293728868,-0.022288183145965732,0.9527528123311044,0.2353518168107324
-0.1316061300539287,1.1017193667656684,-1.1341669135021695,0.03755883458731233,0.5624779194400256
0.6422870200333549,-1000.9692639763451,-0.021813616924766525,-0.25278877451479115,0.9888504291807989
0.1853699347198301,-998.2505088813266,-1.1410200175768679,1.3018544635859348,2.162944345363568
1.029264171559248,-1.648723706680876,0.5872791692575807,-996.9163661185428,-0.3477920313139811
-0.716206866831413,0.7142425158535043,0.22698007804653242,-1000.1005978633872,0.8518214387021192
-1.5169019111271833,0.06547664931956726,0.6248143508414171,1.6253042463841665,0.9901059579385166
-0.8792776303483268,-998.1410023339988,0.638777091740594,0.19345522716815253,0.7806276870833838
-0.7572141846766344,0.17780899418825497,-1.322294726817053,-998.8299611971282,-1.1340807787627043
1.0368760953033482,-997.6168740266328,-0.17856100022632046,1.030005290381925,-0.37706515690134795
1.0096373158352212,-998.6235980954016,-0.3297157168356247,0.6836118310007334,1.6379100088208645
-1.2821244354866237,-0.7814195079669002,-0.6020164819384554,0.11257840829400355,-0.26735152273230384
1.1560357558360568,-0.18748451979094247,-0.2416586202295512,-0.4478477018882327,-1.3539259209691457
-1.1231395228285812,-0.5963027626197441,0.49415332588600364,-0.031051323235543195,0.23713576091818134
0.10375493192532656,-998.6501743235797,-1.777973142888396,-0.1257784214998506,2.0521427536102435
0.65134691187359,0.4846903188191249,-0.1910308627446342,-1.160549665525375,-0.08942443664639038
-0.7371183652760638,-0.44543200266937905,0.8038769620070477,-0.5726718712645676,1.1424378206973473
-0.6737917305560062,0.8414357571415635,0.9267078852939482,-1000.0749295130347,1.2511618926105075
0.14637348515456503,-0.17037314118509386,0.034487168643258556,0.8598648918191836,1.143934948050136
1.4928317157884827,-1000.0028058210669,0.0072804840527131015,-0.04155162670138411,0.6031806886757173
0.1974853725547394,0.39874221067076404,-0.0830306111894301,-0.48025754297318507,0.738134512972661
0.23326879495562047,-0.5226202163895002,-1.0671142312753574,0.7859076439688474,-0.4619683776052182
1.2095418212030695,-1.3165292104493194,1.255246329807387,0.5330322525733562,-0.8163493720353991
-0.29271884242724777,-999.2701102424567,-0.28317327015136573,-998.5529539653155,1.9320117410135356
0.026873947413612504,0.9013570341783258,-0.8871328303368203,1.957293092684196,1.2004699864429964
-0.23068393046538643,0.04209051439450858,0.3817560479750212,-0.7192574033177632,-0.9597492093669596
-0.5043417854970894,-998.1661063950395,1.1907535708710473,0.010152512512288226,0.3243874868728681
-0.9664950099628679,-0.1363603921639143,0.8991163104997982,-0.5623388671521239,-0.28286208355010267
0.08801039614165669,-999.0122220867131,0.07038873446042004,1.6242806563045729,-0.041098791919076436
-0.9753154532889903,-998.7681840048114,-0.4008464384392677,0.39507557483916805,0.20170162604977782
-0.8740918855606286,1.3410065860075837,-0.3063984559158594,-0.5758133622580085,0.41190784419793147
0.0765723591021039,-0.5711812691198224,-0.3277950042029586,-0.016566459357411596,0.3700873462017431
0.4597929570990608,1.1265848914440029,-0.3225741924474922,0.6885257364283487,-0.23068057226064706
-0.18306715301856402,-997.3382302426288,-1.0701766834573128,0.8827258200513433,-0.8440405566987298
-0.17545906915489712,-1000.188143963669,-0.47960836046798827,-0.7082053095793439,-0.7255903089120707
-1.3087439567883281,-1001.2807170828085,-0.5191792764840837,-1.561992498315247,-1.3479107696622217
0.011858527503795601,0.4742231789372826,2.0651713926393964,0.8573512521503227,-0.9097905868194647
-0.10776238114353294,-1001.2358694949912,0.41187591872450885,-0.6739492751862577,0.42024213535910065
-0.9765067997989848,-998.7035708529618,-0.8452304852844569,0.914252815299179,0.21201732541896276
0.3472638907541997,1.6839578217758924,-0.4984266463891226,-997.9695830858711,0.10722833298784958
-1.769043354761137,0.4648049744471542,-0.28852654104363845,-0.130664468873623,0.9862718798040033
0.9208591784518096,0.05296868357712923,-1.1507883588646002,-0.5243898624911144,-0.1447852712017808
0.24813365808871168,-0.05659717273856135,-1.1536062328052736,-0.2394939334657759,1.8942497427644753
-1.1898325594506236,-1.1672769583744387,-0.26561740801025996,-0.2584343443135957,-1.1076963359651857
-0.8681986301417866,0.23435577178296657,-0.6004444083294184,0.18772595286679228,-0.4003866578405299
0.6797800945399588,0.0044822363854929905,-0.8403236811753828,0.07564302443987601,-0.4366533557281825
-0.9633110017851896,0.6306859522328478,0.9159979374828854,-1.086371199668201,-0.5343685096761646
1.1329909483892184,-997.9673325700106,0.650961570111019,-998.8669129625994,-0.7435215990298399
1.4830059506245947,-999.1286416001351,-1.0808855916132185,0.8038563474754359,0.13264054608797698
0.5834518525334839,1.201482642774005,0.20807189996944228,-0.10099251177583017,2.5388119280248835
-1.696613685775247,-0.7751000252292662,0.7872075663119978,-0.9449621752662004,-0.053260382255553684
0.23325484737623287,0.10733482289791521,-0.7587847651204485,-1.087867178616338,0.13531143214991861
-0.08084265805616453,0.45602452066666427,-0.35140987971088383,0.46455112145339744,0.2261167845499949
0.13314770827210196,0.9665883970076524,0.3509842478016578,1.2562886407438374,-0.4061690016660497
0.778849683705814,-1.1799252678949081,-0.12414002547522793,1.2324553837375487,-0.3285223191121768
1.0123327827117434,1.6265363638836543,1.2548402752642724,-0.3900935346304786,-0.7863937003524909
1.3147830173587551,-998.7281431014336,0.16601464825355453,-998.7013659848869,-1.0543762682630502
0.6485284546742095,0.1929078416815547,1.1171781470753477,-0.3016504807344183,-0.33732359581485044
0.001542184793555196,0.8041791434293921,-0.5775040281504232,-999.1348335489424,0.857380172636954
1.776628115892935,-998.3809861442496,0.3635053814163993,-0.09891150540560616,1.5704481174205676
0.790553152593342,-1001.5911842663938,0.05032118824766333,-999.7372184343919,0.8710140732728733
-0.7476908611890921,1.5354339869854041,-1.244532997475385,-0.5115530644910289,0.04717974152898492
-1.1641853717444755,-999.8267775816435,-0.38779222066913843,-998.2133223151621,1.5067406413745517
0.6234929366193112,-999.5724190220687,-1.188011591235402,-1000.3477331443568,0.6237177672694957
0.10557859182357802,0.24246085352214825,1.3374683103655776,-0.7068881397390316,0.35319791275243423
0.9922754558993263,1.1681764499910972,-2.536112457252506,0.11752322950120404,-0.8399059698610916
0.296258106665938,-998.5984685542278,0.8515432894477388,-1000.2032384675682,1.6038477754169942
-1.7190429401709644,-0.2767274989423355,-0.5397985001355347,2.469874826449336,-0.6617538114845462
-0.7505766844354017,-1000.6584969209372,1.9112676943455664,1.711532761748965,-1.701944480857286
-0.5048024472246563,-0.6760285785238106,0.021899626689470493,0.7151081239258015,0.9416540537983624
-0.46004592994143556,-0.9012970832658243,1.0895056880644343,-998.6773664108637,-2.701481562150218
-0.0936939038377286,-1000.5418219383047,0.9483725428089371,-1.222867658450172,0.4813464992948014
-0.6024778519795807,-2.3561562461701144,-0.4885401130002163,-0.9308177322928539,1.420400765490864
-1.079743215777887,-997.6155545466329,1.6192633101358425,-0.20886161752203664,-0.14941891892082546
-1.0154147130490039,0.847949306575731,0.9787566826449193,-1.5962324319456496,0.7893276947257928
-0.6375542435842634,-998.1923065866993,1.5483852070262383,1.0889759877617415,1.1954709903820666
-0.43720097033378535,0.8973302734145526,0.6663215651380994,-0.41577640080132305,-0.12234020044186897
0.5701704671389777,-1.074478278519325,2.0663211804755277,0.10817276996795137,-1.5304636912762244
-1.172014036564112,0.4600104685678479,-0.264696789963085,-999.5356703308014,-1.6957521280722996
0.6741329487960029,-997.8112342353555,-1.6150817583471089,-0.6535744705976757,-0.006023323259474749
-1.580600084334522,-997.602875310768,0.5237543075904328,-999.0071514008489,-0.35136666562892127
0.0309738742443419,-1.0296626981939663,0.13637074342061103,0.15321988078126014,-1.4615040019905836
1.1984061410369726,-998.6070192892389,-1.1134714398048955,-0.34462097815735154,-0.6105171381578177
-0.9632787163052525,-997.8098722126088,1.79988805645108,-0.3998479889135441,-0.5341471026347119
0.8377659462339531,0.48464032002575763,-0.18940359505194923,-998.2920947915183,-1.041191427589764
0.46506458779491666,2.4968494486675654,0.1465922519523608,1.5774104649361753,-2.014966956918303
1.093235462882522,-1.8672165772797895,0.28053087318335035,-1000.7456267779315,-1.1391649061352074
0.1711523098605843,-1.8239495451607346,0.5750857322021682,-999.7779546709418,-0.8639263987814941
-2.7597848718573124,-998.0157736704442,1.084851747838895,2.611943457919474,-0.8897705248497296
-0.17059099630491634,1.6937908423037347,-0.5430522271871552,2.2547320791457994,0.5917109155677287
-0.284333894056585,-0.3950632049752025,0.18292677716617406,-999.5809982761989,0.4521830790713704
-1.1752152035928707,-0.015753565950152752,0.004822523956166543,-998.6494245012591,-0.8319226901901096
0.15900797020525062,-0.4226718401473657,0.11910323919161882,-0.3244382297929234,0.6179027091173914
-0.31246372850955656,0.16144132389999946,0.6254488846728452,0.38292983070077874,1.332430673761781
-0.9199404577383415,2.5955477501046853,1.02784715207704,-1.8195153009321339,1.1027608387094103
-0.13272505111705993,-0.8075881108633666,0.7934110470312189,-998.2356126273056,-1.6834375880034338
-0.33390655823856796,0.0010796981879090904,-0.46801497343250104,-1.642729852726147,-0.9938033034303788
-1.387241260455188,-0.3993231270398401,0.2814399689768311,-997.2860636485685,-0.2800040666718194
-1.2213669955239954,-1.6091513521710141,-0.8117169050267665,-0.967777989213342,1.3208289173479042
0.2040212089271665,-1.3192972681497206,1.1383907953294166,-999.0340164210695,1.203823086426374
-0.8995881168609772,-997.9810724398426,0.3600417836641974,-0.2230050098554972,0.24727203667676925
1.9054841133867406,0.44116096099104474,1.0505611517260725,-0.9497841009305699,0.7564887714067741
-0.4587527660463509,-999.2434153320743,0.873766740660053,-997.9908370852594,1.015037658664442
0.13253144885242932,-998.3039961919445,0.487069163367388,-998.5902947172073,0.48418233951293566
-0.2360572386213857,-1000.2676092187551,0.3043979782724334,-0.4420368605219057,-1.7462175545146896
0.23195732721794537,-0.850527726740501,1.8716218973063639,1.4072562651946827,-0.9620005937919918
-0.29911044203073217,-998.5955208680318,0.4925624997630375,-1.1347493910724258,0.44010522320071804
0.11770645346972186,-0.8363940547485458,-1.1284293268853027,0.3034441130048711,0.27245757166820034
0.9822607148244074,-999.4248295038527,-0.19236111134078807,-1.087343082197931,2.5397429127804103
1.4082469696807505,0.19705682455282636,0.7230383591673806,1.9019392433307432,-0.8771793822116676
0.22825895683688305,0.5231345627319531,-0.24531110224276753,-1001.1125771461456,0.04175292011289977
0.06482711389971535,-998.6864311535546,-0.8223785846611239,0.7055118062295479,-0.17945669559740166
0.05371978895274031,0.14493966110919582,0.48236872039532147,1.6558044728053867,2.062682513906007
-0.5427123145363123,-0.894411432346383,-0.3288314485259638,0.0670668948058563,-0.771777881038563
-0.45598973229171935,-1.369360532089226,-2.0835395217742736,1.3670220749209279,0.24400693258704997
0.03791774450417536,-1000.207571143655,0.36276641765112483,1.1613090542655198,1.5001461365588997
1.3216831170646435,1.9165818648572217,-0.14266811861924683,1.3060855374974571,0.03906310595238324
-1.0856450396963602,-0.7508121176606123,1.3499007046345048,-1.5677138261272043,-0.5298766739943863
1.2757093570631646,-2.3430035420436552,2.202898920821423,-0.11740157936970591,0.23751370873255231
0.9370324375950193,-997.645271512729,-0.49538143064705115,-1.7488325189148328,-0.25905621481180857
0.4524370548778038,-999.4786717765472,1.5594234907362927,0.6425792590557773,3.0200422480314293
-1.0553250871168622,-0.27769679778760975,-0.4186240402421494,-0.2712003086692111,0.052583208719028586
-1.907903078703545,-0.5466515386501564,2.6026474955053045,-998.767128390102,-1.7253962744956142
1.3302859785406664,-998.0444813841192,0.579123789410497,-998.021356452201,1.454008666337166
-0.022100140944885566,0.473626185125109,1.1596505821151983,-999.2457635908146,-0.2797094138885694
0.6948127084367827,0.3491938512348108,-0.5692966155155859,1.671524834680356,0.8353224613017212
-0.9966082631015734,-0.7680840800534662,1.3387843158640451,-0.9284254972545345,-0.6877360245973213
0.6590476157810853,-0.6542407256716815,0.5826985704580228,-999.1549142302147,0.6583010503244681
0.5848070210392747,1.1783160950617715,-0.9536444943313308,-0.11228104887144152,-0.4397893604892285
1.0247354878164756,-0.6728380885745675,-0.8445737574580587,0.5537938409252403,2.2253708545236983
0.30154901238734577,-1000.2523567034345,0.6009238743935034,0.29099674250198365,0.21230084103262697
-0.1787868689020475,-998.9483662968827,-0.4581314758596193,1.4905559200875462,0.6722830423816786
1.374738466505909,1.2501962826171416,0.6140620236069804,-998.9666388949636,0.2475071005546197
0.22924558854388213,-997.8391713297589,-0.20142953879437053,-1.5511043589368472,-0.28258190900568425
-1.531800253909963,-999.1150367981726,0.5238125021229226,-999.4476815984764,-0.12748121329680898
1.5725191037445767,0.3095807678790018,1.5146506169158975,-998.6926405683749,-0.6957420626229187
-1.4208287212767041,1.238082195450057,1.1410181711090635,-0.6630113479720788,0.41244113067718224
-0.1147265020379604,-998.8772744160823,0.8427549918752532,0.4812680246075637,0.8917146118139041
0.7678813783736403,-999.6626659749905,-2.2185892265129827,-996.8340901903473,-0.8271264595054666
-1.127155611514893,-0.014705020762951711,0.6282520213630132,2.3602658573070125,0.9215432395477571
1.2656487455582213,-998.5747705630029,1.2847207809916101,0.2680056494022411,-0.2332779555860565
0.6712358486731305,-998.8397715086487,0.7216601903611721,0.5828069663206344,1.3905254353954268
0.8218430553631063,1.1124358912857608,0.25917172637253866,-999.166075296926,-0.25246259705049034
0.015032720988623821,-0.07858264178594705,0.8076779192221301,-997.6317093594122,-1.2245786811626214
-2.2513919894418897,-1.0019679897623457,1.2345528124176146,1.2227583431195617,2.0057094136628923
1.463486249560922,-999.5212901048119,-0.6380865404094006,-999.2468259510711,-0.9137873025521474
-0.9423168034424361,0.3809882726084492,0.008874420908183486,0.14254603845891808,-2.0559982107314627
-1.587536904903436,1.3160979307388485,-1.5479812350637092,1.5362777703921338,-1.1463752911253882
0.5584662584560538,0.5164131234321333,0.6389406153285202,-1.3397559394254381,1.4277537920706114
-0.1698076931841584,-1.9440800628905448,-2.404058510477954,-1000.3374374058299,-0.21899055218411842
1.5545290808782564,2.0350609504330324,0.1333275735650914,1.4004581754220868,0.9058062602803425
0.1893417248153554,-0.43757095191177203,-0.13422745335851843,-999.6459447380809,-0.1936885530764225
0.9917825478648178,-996.5258448906651,-2.4328093220855806,-1.6909860574676912,0.9559622250111812
-0.5852961537812883,0.4065151110651914,-0.013795013329341693,-1.1259392515209494,-0.07106776610329005
0.08701243373760235,-0.7677126451791212,0.03133616210266141,0.3594245787217618,0.6458907782324954
-0.2858670985712215,1.0737962815975166,1.0022303581985839,-1.7134318572652416,0.5295742211411055
-1.7865652414218658,-0.8207223389621539,-0.4997169375007183,-999.5745835060401,-0.7948282244535205
-0.6163612036102711,-0.17922297280424376,-0.3064575145976655,0.5616812594467313,1.7765274152984643
1.7905511008691366,-0.5115353246316645,-0.35829000652835624,1.153250157916265,-0.13268319912912524
0.9172052582147332,0.8329780450467887,0.665873459454334,-1.4838978848715225,0.004926088892669357
-1.1818163202574727,0.5115080869078454,0.330508046441607,-998.6762160734681,-0.2759350000139923
1.0449703689275212,-0.1495761495417738,0.5677098856860143,-999.5517598676399,-0.13034772253676305
-0.5178455371706758,-998.8309147778559,0.18588611988602508,0.8869178023846775,1.3734480240404952
1.0271818776780153,-999.807864925765,-1.5527400693773017,0.09140521933547362,0.8493696925207267
-1.2565443330244326,-2.152859528584912,0.440061563884016,-0.8994824001290076,-0.5567395458613857
-0.8468074494010056,-1000.0301964530938,0.07191085890151801,-0.04279474117969885,-1.0505514121315565
0.4658295299171399,-1.7498925373375374,0.07128942518198757,-997.5004747158839,2.189233014972089
0.6827017710423131,-998.6699763246305,0.07691057155874269,-999.9148299090747,0.46519131160222554
0.05432627214160199,-1000.0585057172532,0.4814183024448148,-997.6157595292926,-1.5462146589858887
-0.28520557709973154,0.21465004826685152,0.2973933310828721,1.2158432419253467,1.4584179829762836
1.2548991753677625,-0.6539153384387335,-1.93104725545127,-1000.6011070196711,0.8384081751612967
-0.22360643691868626,1.471360818157955,-0.0032308285775931554,1.7274153570154127,-0.7764859660091229
0.012630699638491985,-999.388474973674,1.0769502959352684,-0.6568494698211693,0.43403240148607075
-0.1252241671663503,-0.3729559945714764,1.50759338723353,-1000.8588931705501,-0.2169582722257911
-0.5810167383272602,-0.32559255933397535,0.24712140689800982,0.4239395276175209,-0.27910027536719045
0.7856082058747889,-998.8044735123468,-1.2090627677419867,-998.8381949069515,2.1571061384635657
0.4322591770021131,-999.5900496360939,0.8294380310631725,-997.954473626454,0.8537083266365576
-0.5654817701807212,-1.1087323310164676,0.7898443254087004,-0.27391252509005626,-0.803485592810757
-0.24816486397460738,1.1489710911372926,0.09700345554742605,-0.7789124052608833,1.9771306261025754
-0.019424226106026014,0.5349848894896838,-0.2968359769780557,-999.447546825098,-1.1476023992255093
0.15684715573347954,-998.8874680722444,0.45744068301759155,0.5155303141770639,-0.13454916854393595
-0.37152041082144927,0.1345629927317233,-0.6111401002223995,-2.927519272588166,-0.9371115069189206
-0.20097225349934278,-1.0486047707186283,-1.3160096611555983,1.2089677358038533,-0.5666340507281437
1.6409276940645954,0.16159962863205107,1.1283355910587152,-997.8515784941162,1.2494432896463412
0.47197288618395666,1.127181265880271,0.31314424943938346,-998.9628316584532,-1.4338601564504292
0.6485202232110733,-999.8946352174412,0.6975890283058122,0.9467655499215394,0.3613972938090668
2.0173696080296804,-1.3562674957253782,1.1388686863531952,-999.0484496716595,-1.2876782923325816
1.2438817033078426,0.659449899389897,-0.5678434012135101,-998.3707102196973,1.0660459163129106
1.0749481994808743,-1.973522873436735,-0.06504140284432766,-999.3350766192814,-0.32898949004474853
0.5801947722748232,1.2440249366673128,-0.7903096697682908,1.2152891573888713,-0.44114355755081947
-1.2087078938425966,0.07411789869581689,0.40710106548782204,-1.909806457459135,0.8040748473855942
1.4623923542336663,-999.4421139528342,-0.8536789835082482,-998.5819857292264,0.16637617079608646
0.8139267182384299,-998.4701939598717,1.5353857780455618,-1000.5511196049703,1.23454758955607
1.2663348598507882,-998.0403654940271,0.22588734665317653,-999.0986611461141,-3.1088927086776903
0.2358202538599287,-999.0280652309439,1.2345064057015236,-0.08746852786198192,0.39776953586862895
-1.3453683180216993,-1.4979730532088245,-0.1668339683820681,-1.5393164658100007,0.6626576926027465
-0.8041320836700425,0.7002723320296824,1.583780026913388,-998.7053928521323,0.9618491070204106
0.08724691512966544,-0.6829689469644297,1.694801698450314,1.164734806413951,-0.7980698158746539
-0.7887760875715479,-0.29942027425446266,1.0138698150307057,-0.21862401304138554,1.0190081709213332
-0.33685017699212916,-0.48099152924343197,-0.2453280612469275,-0.7837979203224337,-0.3914975620854057
-2.398199437574893,-0.03354510075841531,0.5933650225420912,1.512328911049736,0.6927694560827602
0.1934455245796292,-999.3985765786888,-0.13101817177513797,-998.7284248339193,0.4521648758716902
-0.8054803299599033,1.785929820110213,1.2334472173125428,-0.3505884106178899,-1.3831588542525264
-0.344532872466999,-1.1272157897752186,-0.7904360791215514,0.7962682084233863,1.6855090487953845
0.5769061504114348,-0.29277640641423974,1.1450648362502016,-0.4386722382698481,1.1510898574760047
-1.5730082325907144,-0.3695012895034007,0.9306141107628205,-998.8512811083351,0.07426897410253899
1.9330303414365078,-1000.6691779584452,0.15190866974888184,0.48527074089405003,0.7774733966138135
-0.43317504395895295,-1.115676818016479,0.5048629567587611,-0.4698430132502998,-1.9127143391959445
0.9605985371675647,0.050217598143228216,-0.05415733361194314,-999.801245986257,0.14123994623607697
-0.5683558702397153,0.6176653059313766,-0.24994557778201346,-1.5098011707142345,-0.5234743493133921
1.051609476625597,1.2987166544283375,-0.4593719186480424,-0.2400456872496143,1.38884189225452
1.1595288969365891,-0.045300641569660766,0.2661965996875612,-0.08175442522754842,-0.9363061401124921
0.4727529352259164,-1.1642128553356947,1.110905749166444,-0.13167459274153903,0.649098237953592
-1.2968788095055073,-0.3730765795178732,1.2972450905438675,1.0925345393027386,-0.4785684948915859
-0.6732447882316447,1.6518873947592365,-1.0426273752468964,-1002.2861187075157,-1.397435292086134
0.937650839081464,-0.18618648521086548,0.5010192204602573,-998.2332577557124,-0.38855980067703744
-1.0226458445445543,0.17885436752986064,-0.8631875933513286,-999.5282238726551,-2.9701035009973857
0.9195202695835201,-998.3546335506538,-1.4062761420522156,-1000.0967471983978,-0.46020958318921074
1.9107406809304095,-0.02739541531327178,-0.5673742497199291,-0.09579036611236581,-0.039638158912713814
-1.4850072086797195,-0.17660349742037443,0.9825173434817149,0.43378963205504467,0.07226626540275378
-1.6470080947147823,0.6145020969914441,-1.2089584938395395,0.5316877573555143,0.34745036795470835
1.5825660045368688,-0.6900989239275662,-0.35167029551159107,1.5452539446031321,0.5131176013479952
-0.2020339782291938,-998.2586132367087,-0.08805585910061536,-998.7841939564117,-0.6521493171377873
0.4305416553511294,0.6149710440517394,-1.3803790710210473,-1.407544420001889,-0.06756808388297791
-2.1186183596686403,-999.0317580018972,2.0422371847493173,1.2639012146023778,2.540966740990161
-1.1052086419248097,-0.9448508996053032,1.786431984218711,0.16908433484425547,-0.4962712210992473
-1.555027629975552,1.4614630527186339,0.9569578861265972,-1000.7732550858108,0.08650669872116122
1.081977670499507,2.6932332920432054,0.7542687545650885,-0.41399334912866814,0.7821276249518586
-0.3856047431950643,-1000.3957710972296,-1.3649328026669316,-0.7872306038578054,-0.38004599932397193
2.5358638958594857,-1000.3948996224585,-1.7060425861167179,1.1187227383000025,-0.39325085690506045
0.27444403225411884,-1.008989150877424,0.9553201032809453,0.61872455659763,0.9896665642826962
-1.12305098001676,1.294163217213808,0.5590872826354576,0.3549946506547536,0.383143667310477
-1.6714956833155548,-999.5360170640957,1.366400045167843,0.9844279282813354,0.1593671120841393
0.06917131378668862,-998.5289091281595,-3.082162855215658,1.8159402734109171,-1.0409422877113328
-0.22923303617252827,-0.6731287255969374,0.27656812742633097,-998.286844671556,1.457027129823593
-2.135825307000223,0.4106401680425384,-2.334323083507924,0.6613712622189118,0.756174851591809
0.9147294254838829,0.7782490797686881,-0.9861375872168175,1.0187321587580547,1.5330101967634286
1.6026952142842357,-997.4874765702184,0.7115857049807852,-999.469851775268,1.6033246286619443
-0.011988985710086355,-0.6217495874387527,0.6765675492355333,0.559777189576606,0.14250791180547545
-1.7429388813753688,-0.3920516461562728,0.7211483793671478,1.1402195736863818,-0.1748036258627855
1.2627393772740996,-0.0804580976143829,0.47151379473784194,1.0660977326317465,0.7144576292344554
0.0746578321940956,0.7022205172604595,0.5807281414502349,1.2317514848523572,-2.401363509805161
1.6785594890708393,0.10455940852315211,0.53211383708511,-0.08115676502917774,-0.3846888328120386
0.013109486507049444,-996.9982415952172,-0.9697820097215095,1.4612617856387062,0.463353237756615
-1.1207223744834949,-0.4094669631777461,-0.5299646310038502,-997.1856582322239,1.0473023323728337
-0.630803445163199,-0.3486725260576098,0.2723818085563811,0.9395275632390871,1.1420292234481084
-1.5286788569286305,-0.7789126034504441,-1.3257525321867896,0.246538944085494,0.19155742010438637
-1.5325900489355304,-1.8670816961598664,-1.5156029427201003,-998.802710883553,1.5747089177829725
-0.5950671583640122,0.29348294767289296,-1.3780255591616444,-2.3874443280866586,-0.15657240792562913
0.2976961302339993,-1.0724031647336425,0.3242568100119444,-1.419267143068942,2.9470490515598056
0.16653848280963127,0.575052758955052,1.3926865753796536,-999.2705812113521,1.4607375071197108
-0.6262675119769209,-999.4129546013368,-1.1370861549185782,0.23949870145289692,1.0110325933025943
-1.7363354774773625,-997.8904058053131,-0.884682985061828,-0.32512379785297385,-0.7543524853285702
0.7944088074467928,0.6625318090914065,-0.13281788139033734,0.27345753907464493,0.2706623365174623
-0.822495232244957,0.6805923949499609,1.135238830317807,2.3187261985339487,-1.3144570192200646
-1.8106503979451662,-2.112282363523194,-0.3446824072199629,-0.5961091410687926,1.1967947831187264
0.20006548414407407,-0.7579213065815594,-0.637104445000567,0.8605820057149406,1.1225756074836921
-0.4855396637688429,-0.9509773919954014,-0.0641556064477273,-1.222915117891051,0.8655159222214992
-1.3465492236510759,0.8068028226889182,1.635185383099726,-0.43895976724000474,2.2097204990848645
0.0952578202382093,-999.8385892411886,-1.74089797967668,1.4250858418836587,0.5974504752009637
0.33752946157921804,-0.5156642768595202,-0.059901979652641574,-999.2828456631516,1.0761279656361031
-0.9870088062777997,0.5368865706981638,-0.2029772264178314,-997.5884165727236,-0.1172875095780244
-1.1770492718788124,0.43198749801309094,-1.3056495661039247,-998.5077188761092,-1.7140816066938118
0.36077225582464695,-0.9634309570010451,-0.38451896653643325,-0.01539622686937885,0.14385551521004575
-3.0015968013764116,-1.0858728793646373,-0.6042061364402984,-998.9451230381098,-2.1205872568236717