A,B,C,D,E,F,G
0.954441357,-1.9132124,-1.76876605,0.352765017,0.350449766,0.001437732,Banana
1.305599396,0.178771688,-0.080642859,?,0.496849557,0.002731165,Banana
0.537322326,-0.082749683,-0.983345834,?,0.050245982,0.003964238,Apple
0.188200221,-1.92338735,-1.417554994,-0.226529731,0.137395112,0.004709879,Banana
-0.092673425,2.223757336,0.408672053,1.613881428,-0.639188321,0.005378042,Banana
1.701044118,0.429359204,1.58949469,0.150741968,-1.859493785,0.005667987,Orange
-0.370017455,-0.312446589,-0.164343486,?,0.183760479,0.007237379,Banana
-1.866916416,?,-1.646636534,-0.370983252,0.251120638,0.008116545,Apple
-0.567909906,-0.395033656,-0.410708504,?,1.381118604,0.008802584,Banana
-2.152928499,0.394351699,-0.077457806,0.195813162,2.682443652,0.011815901,Apple
-0.000443259,1.107418178,-0.487031425,-0.409467051,0.187356817,0.012072119,Banana
0.131939112,0.145600249,-0.421580954,-0.275622326,0.916683792,0.016720647,Banana
1.21187679,1.39402648,-0.464119856,1.349780547,2.258947081,0.017547705,Orange
-0.467134619,?,-0.777634407,?,0.238321848,0.023575389,Orange
0.361894355,-1.136693537,-0.979473032,1.541415753,-1.208898222,0.026454378,Apple
-0.337223659,?,0.411587224,0.967604991,-1.414002487,0.027194843,Banana
-0.556033958,?,-1.329325961,-0.647262722,1.285505079,0.027502901,Banana
-0.312687747,?,-0.030906576,-0.342200599,-0.900291513,0.03094207,Apple
-0.245975666,0.186653553,0.288189651,-0.992245647,-1.408724115,0.032287618,Orange
-0.783265626,?,-0.497781533,?,0.956603463,0.032972456,Apple
0.395611193,0.070399302,-0.378288352,0.131313566,-0.089047038,0.033502023,Orange
-0.018275169,?,0.487506184,-1.169013812,-1.410488277,0.033505048,Banana
-0.541990101,-0.176539872,-0.664841371,-0.758795887,-0.192970022,0.037439122,Banana
-0.781697756,?,-0.514155315,2.624776829,0.079466621,0.040548734,Apple
-1.56637924,?,0.6005044,?,-0.082225001,0.041114024,Orange
2.039144736,?,0.304035616,-1.576725607,0.332051648,0.041400942,Apple
-0.100977682,1.252079703,1.611599779,?,0.461702591,0.041785679,Banana
0.355006173,-0.276785182,-1.411077449,?,1.596137697,0.045957284,Orange
0.628864929,-0.151303162,-0.159651046,?,1.295556854,0.047471694,Apple
-1.987059234,?,0.313003898,0.788131614,-0.553153271,0.051005767,Orange
0.081480277,-1.878684415,-0.404792477,-0.605675815,-1.174519903,0.053103644,Banana
1.624343085,0.564697865,0.397365406,?,0.028717614,0.06027869,Orange
1.745264556,?,0.278450166,-0.591115942,-1.02713905,0.060822796,Orange
-0.087076379,?,-1.23273061,0.115552145,-0.036186377,0.061470242,Orange
-0.417667328,2.142620112,-0.588058148,1.197453933,-0.120955278,0.063286736,Orange
-1.031313727,0.096177719,1.396145472,-0.423502967,-1.186713659,0.06645539,Apple
0.177298155,-0.01704614,1.164916564,-1.052134965,0.68344212,0.066622188,Apple
0.46313829,-0.232784563,0.95418351,-0.232633625,-0.384769108,0.068153367,Banana
-0.907870386,?,-1.580508478,2.619538754,-1.641908908,0.0698431,Orange
-0.195933063,?,-0.369635238,0.10113941,0.207655687,0.073899704,Orange
0.249925292,0.960640806,-0.436531469,-0.109789683,0.989943422,0.074294236,Banana
1.085367657,-2.001398278,-0.637987374,0.017125266,-1.340410026,0.074370167,Orange
0.426369286,-0.231864578,-0.504560547,0.976638949,-2.00126352,0.07801401,Banana
-0.152746601,-1.853292649,0.221138343,-0.672816169,0.738523241,0.079033916,Apple
-0.542555879,0.156085288,0.511509125,1.004403148,0.074689308,0.08160035,Banana
0.179208892,-1.917779281,-0.971794978,1.479359409,0.25859868,0.083758537,Banana
0.110273638,-1.05352332,0.127339519,?,1.45148493,0.084070076,Orange
0.844379322,0.633569922,-2.265860862,-0.412381856,1.072031758,0.087555229,Apple
0.649353207,?,0.117433197,-0.397058291,-0.579494911,0.093799424,Apple
-0.743029107,-0.16058286,-0.808372745,-0.780359382,0.424368464,0.094133463,Apple
0.368923154,-0.42828205,-0.257492747,?,-1.102759719,0.097775807,Banana
-0.747239901,-0.858408588,-2.778761758,1.251794493,-0.607824732,0.099656592,Banana
1.225465065,0.423527568,-0.360273018,?,-0.798995588,0.105766858,Orange
-0.795936146,0.104221243,-1.73115293,?,-0.793647426,0.10712639,Orange
-1.625192863,-1.15128808,2.061059782,?,1.243759421,0.109997024,Orange
0.93753497,?,0.964801839,?,0.007608046,0.110664644,Apple
-0.389710604,0.743297692,0.471269572,-1.186640242,0.145311628,0.112670964,Orange
-0.194530814,2.16706402,-1.428699483,0.09016971,-1.027112093,0.113524057,Banana
-0.861350862,-0.181695462,2.890549913,0.972579832,2.320092775,0.115424958,Orange
-0.321251829,0.113330581,-0.904681062,?,1.234785612,0.11608268,Orange
0.950134596,-1.552785305,-0.020627611,-1.083179538,-0.781140081,0.117609255,Banana
0.579762962,-0.639299473,0.967390802,0.367463214,-0.500563853,0.122450963,Orange
-1.230969502,?,1.020601071,?,0.403844255,0.122731755,Orange
-0.33113512,?,-0.448309341,-0.48119583,-0.379655079,0.124891429,Orange
1.281361591,-0.309259619,-1.260412492,?,-0.905327873,0.126850327,Banana
0.742277949,-1.404151992,-0.363399367,0.11559951,0.970621865,0.128020934,Orange
0.782884809,-1.591723806,-2.483587963,?,-0.340472306,0.138799706,Apple
-0.056832437,0.687207466,-1.238796712,0.723607681,-0.283752232,0.139567077,Banana
0.043897931,0.099185672,0.903809724,0.051973555,0.396033059,0.14286402,Banana
-0.615938076,?,-2.036284897,?,0.002765647,0.143996257,Apple
1.157679815,0.664671213,0.009826693,?,0.996228951,0.144437736,Apple
-0.97998429,?,-0.843654935,0.850125961,-1.317287229,0.145988027,Banana
0.188167014,?,-1.387002417,0.981512178,-0.415558111,0.147470633,Apple
0.123305954,-1.440293324,-0.171901933,0.535531697,-1.516576898,0.148759371,Apple
-0.176008217,-0.779218831,0.45292272,?,0.129233577,0.15257273,Banana
-1.132817631,?,2.337201112,-0.501496872,1.406517287,0.152843728,Apple
0.704645851,-0.22218872,0.386310086,?,0.498364553,0.155963622,Banana
0.354330615,0.318538338,-0.085394027,?,-0.096771,0.157562908,Banana
0.842096074,?,-0.451221874,1.114860402,0.246865117,0.157563785,Orange
0.098826513,0.672651273,-0.011885498,-0.171687513,-0.210527866,0.159086248,Apple
-0.207314046,0.595091667,1.018290321,1.13293693,-1.154399137,0.167670944,Orange
1.184980288,1.792918196,1.161212278,0.686749372,-0.906961173,0.168270877,Orange
0.985671322,-2.03683544,-1.135590391,1.700775581,-0.060881989,0.169654659,Banana
0.128946829,2.117107581,0.264026882,?,-1.181058676,0.174412743,Banana
0.216451545,-1.299438618,0.31987383,?,1.40183686,0.175468673,Banana
-1.084416578,-0.853286031,0.5535627,?,-0.814518204,0.175825983,Orange
-1.741521121,-2.18544943,-0.374311942,-0.410167567,0.024276429,0.17609031,Apple
0.794861781,0.208978463,0.724106526,1.127015471,-0.371138153,0.176817146,Banana
-0.515438944,0.342073649,-1.684458302,-1.056435097,-0.347385798,0.178690246,Banana
-0.088657913,-1.339565079,-1.507984433,?,0.79700504,0.180994288,Apple
-1.100994242,?,-0.842730858,?,-0.29232728,0.181487035,Apple
-2.063217282,0.199275186,1.151401295,1.377522793,-0.350385891,0.185229744,Apple
-1.031365986,-1.156047758,-0.050520288,-1.421308705,0.906178751,0.187228733,Banana
0.863953492,1.501381338,-0.528010281,?,0.522469817,0.190340642,Orange
0.285701504,-0.918620361,-0.529084789,0.666419392,1.100108214,0.190844972,Apple
-0.490930719,0.743680091,-0.702174732,?,0.506358491,0.192362538,Orange
0.336018302,?,0.676542267,?,0.297014763,0.193158046,Apple
0.459010588,-0.181402913,0.40051915,-0.273126121,-0.581080832,0.195128348,Apple
-1.496393462,?,-0.798479853,-0.628668354,-0.333193935,0.19570801,Banana
0.692583429,-0.73051193,-0.60062416,?,0.773091368,0.200257998,Apple
0.54854662,1.12494324,0.748958882,0.04194408,0.847393738,0.200359869,Apple
0.248981323,?,1.509663625,?,0.085380412,0.200599898,Banana
0.955061348,-1.403126897,-0.649212967,2.236379405,-3.539131964,0.200853682,Apple
0.671684797,1.605636703,-1.519963029,0.699854535,-0.21086513,0.202268515,Apple
0.718180084,-0.894307109,-0.616237059,2.354332956,0.917089873,0.203997411,Orange
-0.741263521,0.147203028,-0.702455371,-0.57118744,0.233254155,0.204285226,Banana
1.711295442,0.345736742,1.081447153,0.333539356,0.410919901,0.209217001,Banana
-1.990844501,?,-0.790865955,0.557413224,0.079426687,0.210588917,Apple
0.239093952,0.767564404,-1.103789723,0.44958453,-1.566631173,0.21222091,Orange
0.88968596,-1.100706329,-0.713059609,?,0.219666412,0.214110809,Orange
1.722751869,0.348572856,-0.580825435,?,2.539715443,0.218600945,Apple
-0.37128939,-0.127101384,-0.621343946,0.56655107,-2.082982054,0.219387143,Orange
0.34292507,-0.482604628,-1.709247446,-0.342309328,0.099870523,0.220347529,Apple
-0.849553419,-2.580335498,0.100958718,2.433763126,-0.493097906,0.226327105,Banana
-0.554925939,0.019164265,-0.506474081,1.429153435,-0.796025071,0.226740339,Orange
0.082588578,?,1.35401855,-0.769783799,0.278845096,0.227126056,Orange
-0.086927422,1.214713714,1.293297633,?,0.679727898,0.228443726,Apple
0.938157899,2.426540039,-0.383356835,0.346819447,1.584628378,0.229481125,Orange
-1.266884768,0.749269364,-0.158852985,?,-0.191684781,0.230364003,Apple
1.47228375,-1.417206416,0.804819959,-1.333771723,-0.605146118,0.231281964,Apple
-0.977431242,1.096269666,0.894932031,?,-2.669969101,0.23130887,Banana
0.792287266,0.181742693,-1.275601336,1.346355431,-0.518163145,0.231762914,Orange
-0.168450727,-1.121435738,-1.157908563,-0.754415973,-0.140339172,0.232467811,Banana
-1.359198743,-0.757234316,0.746552135,1.404608423,-0.17448284,0.233476341,Apple
-0.369449373,-0.122860607,-0.887974045,?,-0.150567498,0.233731435,Banana
0.796092489,-1.600883137,1.278563141,-0.363030979,-0.104226962,0.235379238,Apple
-0.024202793,?,-1.513306942,1.888334369,-0.578793979,0.237934851,Orange
-0.966856725,1.388879639,0.75851941,0.7852331,-0.033639285,0.239131223,Apple
0.87958822,2.456039441,-2.2889068,?,0.146462618,0.241724071,Orange
0.099347188,?,-1.127587335,-0.164340656,0.291840704,0.242131235,Banana
-0.460205197,1.411332239,2.395673495,-0.643091633,-1.544052273,0.244218696,Apple
0.129656785,?,-0.073126555,?,-0.713477425,0.244588956,Orange
-0.28646698,1.063414895,1.536822943,1.661312895,-0.598154881,0.248769202,Banana
1.073457802,?,1.456784148,-0.386553273,-0.665571784,0.251502132,Apple
0.108355308,?,0.141493531,?,-0.14649527,0.253954219,Orange
-2.910503079,-0.055991938,-1.536493804,?,-0.304194732,0.257495208,Apple
-1.464011183,?,-0.660486193,0.017976337,0.927823606,0.258577617,Apple
-0.731392516,-0.309906246,1.277772063,-1.754980791,0.995241074,0.267388267,Banana
0.935038245,0.52524284,-1.280679172,1.976960541,0.183281049,0.267731331,Banana
-0.290447905,0.266204147,0.556872922,0.843597354,-0.523499653,0.26906487,Apple
-1.013604665,-0.838515191,0.752572096,0.087289518,-0.683936665,0.269871296,Orange
-0.206270769,1.096956296,-0.249340035,-1.382706622,-1.492531703,0.270424747,Orange
0.754920974,-1.939471492,0.870654283,0.121042734,-0.902298989,0.271591174,Banana
-0.350546651,-1.203995825,-0.655860615,-1.084843095,-0.494832857,0.271929583,Banana
-0.507927875,?,1.265649579,-0.772876649,-0.126119207,0.273442229,Banana
0.508632334,-1.019563931,-0.583401418,?,-1.141978746,0.273515156,Apple
0.228365808,-0.437171091,0.381410185,1.939073622,-0.312158171,0.273608418,Apple
0.944137485,-2.396077453,-1.536861644,-1.124966107,-0.166206759,0.273938461,Orange
1.136587253,?,-0.090104533,?,0.629877313,0.275218642,Orange
1.054210978,1.201146978,-1.01527104,0.086311437,-1.451903315,0.27547536,Banana
-0.339694805,1.891822328,1.052794377,0.01766291,-1.708475373,0.275887491,Apple
-0.824957413,-1.193416142,-1.13887272,?,0.093243545,0.277460361,Apple
0.168505878,-0.609443263,-0.56176257,0.05895254,0.809020611,0.277618199,Banana
-0.168583741,-0.771394232,0.024251031,?,0.086549649,0.278014588,Apple
1.240690372,-0.2957123,1.222193049,?,-1.146517972,0.278888507,Apple
-0.342865331,?,-0.185669003,-1.796554288,0.243182017,0.279515031,Orange
0.418867654,-0.355645006,0.266207363,-0.797755139,-2.099426301,0.28098422,Banana
-0.504644769,-1.107860135,0.288360346,?,-0.668412664,0.281334061,Banana
-1.276075705,?,-1.061438899,2.17032886,0.282362497,0.282115943,Banana
-0.413480216,?,1.458631903,?,-1.737098965,0.2823133,Banana
0.09712484,?,-1.252171006,2.045396095,-2.334902529,0.282494883,Banana
-1.222456048,-0.140372091,0.466759987,2.105830995,0.993497901,0.285234954,Banana
0.14412288,0.604654358,-0.725943978,?,-0.286267619,0.285969911,Apple
-0.607321911,?,0.28346635,-0.74030462,-1.808669739,0.286576512,Apple
0.156807102,-0.812870931,0.855967822,-0.847083541,0.055813202,0.287056443,Apple
-1.896483391,?,-0.065202383,?,0.000698616,0.288446601,Banana
-1.231347487,-0.727774766,-0.239081812,-0.701685307,-1.67632406,0.289014485,Banana
0.794537613,?,-2.435478713,-1.979137105,1.080992131,0.289870207,Banana
-0.244270502,?,-0.771030859,0.556018711,2.01732083,0.290690696,Apple
-0.604479204,-0.389290573,-0.41231101,0.677902179,-0.056090694,0.292689847,Orange
-0.115299417,-0.694230558,2.269660122,-0.71427997,0.046452702,0.29329948,Orange
1.095375655,-0.097102647,-1.822352781,?,0.890567397,0.294022555,Banana
0.890746296,-0.281790015,-2.463789127,-0.311337636,0.322224178,0.295291435,Apple
2.386587237,?,-1.081123985,-1.341326465,0.155320697,0.295790429,Orange
-2.030369261,-0.890254351,-1.842039794,-0.5889608,1.160694612,0.296102827,Apple
-0.555585253,0.846213455,1.168412834,0.846651171,-0.263431439,0.297147487,Apple
-0.66141819,-0.504858316,-1.061086524,?,-0.201959553,0.298433258,Apple
0.907401929,-1.511804795,-0.586775385,0.892575467,0.258637342,0.299135333,Banana
-1.073443002,?,0.443383933,0.950693655,-0.446340147,0.299852834,Orange
-1.908911379,?,0.339603002,-0.166478586,0.188557739,0.302102572,Banana
0.91318519,-0.855744091,-0.9857704,?,1.211948412,0.30267045,Apple
-0.282557733,0.052576725,0.736406102,?,0.014000297,0.302989384,Banana
1.431129196,0.713599741,-1.192161407,-0.010935807,1.265783289,0.304071874,Banana
-0.948501375,?,-0.314215818,?,-0.594127998,0.306009514,Banana
0.493359128,-0.380028067,-0.246508206,?,0.911248748,0.306378399,Orange
0.752785505,?,0.991979608,0.67658393,-0.496074219,0.308061217,Banana
0.695983042,?,1.700964991,?,0.272826669,0.310716015,Apple
-0.32245442,-1.671880245,-2.320791836,0.576523693,2.077579448,0.311179577,Banana
-0.116123904,0.079756581,0.251901742,-2.327524591,-0.216036145,0.311238005,Apple
-0.178877294,?,-2.84068982,0.478200938,-0.882677794,0.313354158,Banana
0.063305586,-0.147056209,2.556774092,?,0.054299527,0.31354974,Orange
-0.420315161,-0.914344219,-0.890709036,1.301524915,-0.758166724,0.314716854,Apple
0.875809813,-1.239376133,-1.171944276,1.437303863,-1.03069219,0.315379037,Orange
-0.095813465,-0.00512614,0.399208964,-0.562753504,-0.495746801,0.318239299,Orange
0.31608511,1.671667677,0.196731674,-0.151257194,0.321892686,0.318407777,Apple
1.427166372,?,-0.194042229,-1.155913485,-0.496069083,0.319909709,Orange
-0.87815845,?,2.24179213,-1.062845122,-0.184329372,0.322853131,Apple
0.579071463,?,-0.346947819,0.479245428,-1.914952334,0.326376997,Orange
-0.46331189,?,-0.20220025,0.926116244,0.644107509,0.33238545,Orange
-1.261377542,-0.0225141,-1.652844977,?,-0.094280016,0.33378729,Banana
-0.151783507,0.650985316,0.651297951,?,0.744867939,0.334696858,Orange
1.334094591,0.533472848,0.07576041,1.311289993,0.654223434,0.337944075,Banana
0.179034298,1.063543776,-0.660220715,?,0.741695246,0.338831295,Banana
0.340043486,-0.483868917,-1.520287633,-0.72021089,0.440552657,0.339371316,Banana
-0.584231221,0.514082611,0.898486321,0.226550113,-1.437724097,0.339596033,Orange
0.105512879,?,-0.954185799,?,-0.485046477,0.339829592,Banana
0.863078922,1.113828494,-1.100102093,?,0.230887391,0.341212712,Banana
2.299913165,?,0.075776273,-0.409453128,-0.071538703,0.341732965,Orange
0.732831838,0.304599034,-0.265505679,0.26503907,0.546694481,0.342969871,Banana
0.46147372,0.375368673,-1.072752703,0.124129118,-0.308209705,0.344943135,Banana
-0.235786107,-1.234954962,0.04358727,?,1.221815137,0.345688856,Orange
-1.333318856,-1.26806568,-0.85284493,-0.521788282,-0.707110733,0.346063388,Orange
0.363661657,-0.173757083,1.335411188,0.563207349,1.332257915,0.346193481,Apple
0.688960959,0.869335852,-0.158775458,0.397097605,0.745904852,0.34667685,Banana
-0.650829324,0.326552484,0.432420049,-0.508900769,-0.590184115,0.349826081,Apple
0.193869744,?,3.026482823,-0.375562705,-1.021811065,0.351196356,Orange
-1.748196413,?,-1.05259629,-0.233794412,2.220049918,0.354573659,Orange
0.210617227,0.691724924,-1.005645543,1.629549522,0.849799484,0.356117145,Orange
0.563335077,-0.414377259,0.337185781,0.294232797,0.990925615,0.357561071,Banana
0.264002616,-0.667682034,1.40955332,0.098049573,-1.310692327,0.358157751,Apple
1.077337986,?,0.415242647,-1.025344701,1.829417387,0.358478869,Orange
-0.656393114,0.614852909,1.217370563,1.729509081,1.876484383,0.359005267,Banana
-0.739981055,-1.701361561,1.1114786,-0.764059049,0.806966851,0.359615519,Banana
-0.845845219,?,1.059798756,0.174718918,-0.573539458,0.361468138,Orange
-0.744288957,1.025889233,0.461085963,?,0.70787103,0.362200957,Banana
0.667562828,0.009369556,1.452435272,?,0.475186543,0.36383917,Banana
0.948195905,-0.569154574,1.084414602,-0.687118568,0.538013063,0.366469949,Banana
-0.239191637,-0.994758777,0.966878805,-0.725245529,1.10835735,0.371412131,Banana
-0.01256996,?,-0.413883976,?,0.245742245,0.371459469,Orange
-0.631419998,0.005015262,0.426747289,0.270386405,0.368875232,0.371968236,Apple
-1.465220663,?,-0.196534476,0.463107294,-1.479410236,0.373320291,Banana
2.196077727,-0.610085734,1.611576878,?,-1.200560518,0.373405208,Banana
-0.816313444,?,-1.037442762,-0.030553214,-0.86675132,0.374040183,Orange
1.122950493,-2.330433794,-0.354060792,0.663931597,0.549276962,0.374869652,Banana
-0.218913258,?,0.058992391,0.538851161,-1.907819701,0.376946893,Banana
0.945232574,-0.812379037,0.544655481,-0.403575348,-0.221807938,0.377072944,Banana
1.272673194,1.07846595,1.36504296,1.501467316,1.747571363,0.378000883,Orange
0.44649592,-1.707147481,-0.260985814,-1.485270985,-1.064839297,0.378240019,Orange
-1.406323886,-0.712647361,-0.230876284,0.086704033,-0.705382082,0.379724722,Banana
1.124302771,?,0.385935263,-0.895394516,-0.353858715,0.381310309,Orange
-0.018456799,-0.078614504,1.10919573,0.889483625,0.201454153,0.384402396,Banana
1.21467268,-0.629505161,0.735100757,?,0.478157884,0.387642833,Orange
-1.053583386,-0.254192329,-0.368781533,?,1.626359506,0.388484091,Orange
-0.762481574,-0.582397033,2.874140687,?,-0.821476315,0.388521966,Apple
3.79325556,?,-0.464617565,?,0.136567966,0.390146823,Orange
-0.406930278,0.600297093,-0.507379504,?,0.247113831,0.390457613,Banana
-0.224954928,-0.741052371,-0.76281705,0.779235293,0.937952664,0.391732665,Apple
0.525765189,?,-0.792983848,-0.695295702,-2.018584094,0.391944036,Apple
0.888948874,-1.299737966,-0.718974199,2.655761568,-0.603354085,0.394697408,Orange
0.435551882,-0.028720207,-0.108013469,1.391408282,-1.504888606,0.395382803,Orange
-0.84706557,0.393562861,-0.224283927,?,0.276813166,0.396786793,Banana
-0.312455621,-2.481114364,1.350252287,0.560572071,0.425850762,0.39883547,Apple
0.078028989,?,0.593901488,?,-0.428919707,0.399303482,Orange
0.193101722,0.166024368,1.292234397,2.113786921,1.301982867,0.401376984,Banana
-0.169897687,?,0.011804765,1.136708798,0.645849612,0.404438437,Banana
-0.33029912,0.491847511,0.767685226,0.348917578,-0.809401109,0.408826838,Apple
0.975635226,?,0.832783767,1.992697762,-0.457017935,0.409870696,Apple
0.741885837,0.171030365,1.293943734,-0.268861461,0.21633539,0.414760264,Apple
-0.791987021,-0.773610682,0.602124831,-0.143392279,1.981479112,0.41595172,Orange
-1.975433516,?,-0.250243809,1.10928812,-1.889591157,0.415962406,Banana
-0.229140599,2.52990109,0.122072467,?,0.024040824,0.41854334,Apple
-0.786939412,-0.730357783,-0.296688889,0.418647214,-0.912492677,0.421072444,Apple
-0.709495276,-0.198553409,-0.704017192,-1.448327085,0.006551556,0.423514362,Banana
0.504828745,?,0.262893374,0.263356702,1.46586531,0.423741286,Apple
-1.711584119,?,-0.775817327,?,1.450083273,0.423936328,Orange
1.365474609,0.089443519,-1.113424582,?,-0.283781528,0.42578406,Apple
-0.62065132,1.764456551,0.464708924,-0.410137769,-1.293406021,0.426599967,Banana
-1.898442061,-1.1437181,0.165982055,0.059345672,-0.794828881,0.429171223,Apple
0.164439335,?,-0.869105391,0.099815087,1.433989491,0.429840989,Apple
2.07396384,-1.499920903,0.169339748,-0.876782217,-0.252862253,0.431758596,Apple
1.788572279,0.91484515,0.736195051,-0.381513988,1.392818186,0.43305734,Orange
0.040204663,-1.125607668,-1.825669048,0.137992491,0.130405928,0.43655186,Orange
0.169920247,0.652414659,1.642570586,?,0.31684938,0.437444926,Banana
0.507607705,-0.03723318,-0.227488341,?,-0.721105768,0.437578335,Banana
-0.224848309,?,1.364808367,?,0.063614016,0.438568002,Orange
1.624982727,0.369263228,0.274017052,-0.326322996,-0.239311651,0.438685246,Apple
1.173397373,0.388116025,-0.34812441,0.884474918,-0.009601278,0.438997554,Apple
-0.740495753,0.45998921,0.379513632,1.687895645,-1.394222548,0.441402476,Banana
-1.547656914,?,0.314673235,1.375864319,0.042058317,0.443434229,Banana
-1.116047189,-0.681253303,0.697076349,2.324302768,-0.663993183,0.445727507,Orange
0.880714293,-1.667311824,-0.823103801,1.351911728,0.931143851,0.445949267,Banana
-1.274378494,1.142232212,0.975861523,?,-0.655415898,0.447913639,Orange
0.445440165,1.351066256,-0.776449698,-1.120402415,0.148526857,0.449914469,Orange
0.067227909,1.525761989,-0.032876046,0.685345581,-0.883978966,0.451615696,Orange
1.04253492,0.180812167,-0.774545815,1.418014327,1.617633944,0.451915651,Orange
0.64224988,?,-0.014786294,?,-0.296070831,0.454627025,Banana
-1.307143963,?,-0.405200432,-0.223236962,0.460677836,0.454970229,Apple
-1.010369304,?,-0.886573291,1.097853611,0.679450629,0.455000759,Apple
1.594499372,0.345099565,0.025402474,-0.91248646,-0.552174604,0.458514192,Banana
-0.966084873,?,-1.719630472,-0.938860894,0.258775209,0.458670199,Orange
-0.151487453,?,0.006282493,?,1.5182146,0.460769498,Banana
-1.047520351,?,-0.355814262,1.625809391,0.706386356,0.462130668,Banana
-0.95990693,0.024853278,-1.904975675,?,-1.426449591,0.462393897,Banana
1.174968422,-0.060566807,0.719516434,1.789312137,0.621218126,0.462988524,Apple
-2.426484445,-0.592636653,0.191560496,-0.892439302,-0.308782778,0.465072475,Orange
-0.553760708,?,-0.55250828,0.169463214,-0.38650966,0.469287584,Orange
-0.244029974,-0.401743671,-0.735942023,?,0.232244011,0.469424024,Banana
-0.196131825,-0.963614695,0.099395422,1.433058363,0.255430432,0.470611964,Banana
-0.276955693,0.023355822,-0.480358502,1.768317544,1.139753505,0.470768218,Apple
1.450259021,-2.936129793,-0.530559056,?,2.478921396,0.472104568,Orange
1.315052113,?,1.702873384,-0.205630768,-0.335059277,0.473201078,Orange
0.662503889,-2.635782165,0.832293383,?,0.153171012,0.474359776,Apple
-0.68856677,?,-0.952536697,0.242094738,0.791180526,0.475350146,Orange
0.820211197,?,0.191974598,?,-1.959086283,0.475394178,Orange
0.085338094,-0.673795698,0.823266584,-0.773135585,-0.623257689,0.478023277,Orange
0.477332453,-0.618897259,-0.598524997,-0.41150891,-0.333800823,0.479628008,Banana
-0.497757132,1.966082909,-1.872617223,0.528175245,0.031162715,0.480951186,Apple
-0.551632475,-0.161691198,-1.475288105,1.259707373,0.206276085,0.482029521,Orange
0.745252696,-0.733214251,-1.813834726,0.475223225,0.316699767,0.482583185,Banana
0.025485264,0.041052483,0.739600432,-0.934309347,-1.121901483,0.485522188,Orange
-1.721486725,-1.731247877,-0.045131626,-0.530537007,0.611440292,0.48708122,Apple
1.933703925,?,0.63412454,-1.032382622,-1.907703521,0.487089336,Banana
1.945802217,-0.468380217,1.277410257,-1.975911589,0.210428421,0.490933533,Apple
0.118550562,-0.615050279,-0.739582658,0.629518754,-2.253952918,0.494316297,Banana
0.379341512,0.762843726,-0.061885151,-1.090810874,-0.721248677,0.495431017,Apple
-0.492939346,0.389303703,-1.085133404,-0.718596985,-0.494740777,0.496306429,Banana
1.201383216,-0.111914026,-0.410501711,1.710747284,0.097766435,0.498016725,Apple
-0.082943085,0.908928783,-0.57398391,?,-0.420657829,0.499707008,Apple
0.845231732,1.60501075,-0.006465031,-1.349505242,0.454277238,0.500508429,Banana
0.13910049,-0.076930223,3.430484033,0.191590028,2.452112694,0.50152293,Apple
-0.177047455,0.481167223,1.698951379,?,0.334219109,0.506834149,Banana
1.223629221,0.33550018,-1.002601361,1.280308752,-0.07831861,0.50703111,Apple
1.172664318,-0.083096211,-0.941941421,?,-1.552993356,0.50937387,Orange
1.407350054,?,1.730210989,-1.318113973,0.293889931,0.510864414,Orange
1.804062273,?,-0.008834202,?,-0.54938597,0.512151512,Apple
0.809596546,-1.822597827,0.482991099,0.106352794,0.963926537,0.51317009,Apple
0.299479196,1.388348126,-0.9032822,-1.319923669,-0.835391824,0.513516445,Banana
-1.511540988,0.848918558,0.089775187,1.10671469,-0.195069055,0.513564518,Banana
-0.865328945,?,0.808643357,-2.191207235,-0.196516916,0.513593442,Orange
-0.480599214,-1.267487422,0.093929291,1.198197245,0.159944289,0.51474686,Apple
2.230582674,0.618766979,-0.39851243,0.594550993,-0.783924035,0.514919642,Apple
-1.498214323,-0.282053245,-0.611748929,-1.8710206,1.314020793,0.516640327,Apple
-1.564361412,?,-0.396893244,-0.972157427,0.752885331,0.518980438,Orange
1.046354712,-0.022336359,-0.209210259,-0.070330747,-0.163525383,0.520087159,Banana
-0.797511909,0.717391524,1.050051388,?,1.277199913,0.521668948,Apple
0.83945519,-0.207595997,-0.065495636,0.931755787,0.561198956,0.52194978,Apple
1.505698199,0.17682075,0.074567199,0.067522315,-0.578046603,0.524954288,Apple
0.818331647,1.446733046,-0.534483754,-0.123940944,-0.038627441,0.525792326,Apple
1.11747445,0.383013642,2.097673406,-0.679333085,-0.712099744,0.526240223,Apple
0.990311936,?,0.092079102,-0.14317648,1.589237613,0.526334195,Apple
-0.990594963,1.186378304,0.204362892,?,-2.121075525,0.528403263,Banana
1.464579508,-0.356718415,-0.347454704,?,0.012387281,0.531014169,Banana
0.32630042,-0.817011828,-0.559019321,0.189185042,0.244035382,0.532053963,Banana
1.077774068,-0.940211714,0.066232281,?,0.278586881,0.53260618,Apple
0.126543085,1.140712425,1.128770136,0.476220159,1.563489487,0.533185139,Banana
0.815042012,?,-0.674211233,0.331557781,-0.650472689,0.533442107,Banana
-1.760686096,0.215604027,-1.324553983,?,-0.221862461,0.533732601,Banana
-1.749216699,-0.300331904,-1.474102447,-0.968415933,-2.10368355,0.534703428,Apple
-0.356480427,?,0.93094784,-3.003394743,-0.26791938,0.53490835,Apple
1.638233888,?,0.530528938,?,0.045052763,0.53787133,Banana
1.01109668,0.519467838,-0.98611211,-0.522906461,-1.205725049,0.538189895,Orange
0.460357246,-0.593114486,-0.685437865,?,-1.062202322,0.538339407,Apple
0.974245229,?,-2.266550079,?,0.864743257,0.538652548,Orange
-0.045231349,?,-0.191147391,-1.099934495,2.615567834,0.539701486,Orange
-1.950741834,1.826946629,0.459071061,0.507047281,-1.879726934,0.540405967,Orange
-0.093583577,-0.577678464,1.164180499,?,1.050819937,0.541402427,Apple
0.98201209,-0.568634704,0.674819583,0.246103266,2.016998418,0.543039964,Apple
-0.568194997,-0.537153295,-0.774239096,0.91002355,0.8095721,0.545085969,Banana
1.426345661,1.512423872,0.93039179,0.921098079,-0.710852709,0.546358405,Orange
0.726459362,-0.595464067,0.015371333,1.519069086,-0.004874352,0.546596998,Orange
-1.88377782,?,-0.76381334,0.613322407,-0.279712159,0.547981519,Apple
0.986177099,?,1.117871955,1.782844859,0.026244184,0.548243038,Orange
-0.349684467,?,0.888259072,-0.534690356,-0.404167181,0.5483829,Apple
-0.432752045,1.081996366,-0.944425423,?,0.988950471,0.548730243,Apple
-2.028829728,?,-0.411969361,?,1.201280534,0.551505846,Banana
-0.158668268,?,0.888605539,-1.682423899,0.483957514,0.552067575,Apple
-0.589481195,?,0.103744529,?,-0.101245483,0.553390763,Apple
-0.010631737,0.408274195,-0.77597352,-0.612929423,-1.931200196,0.553618471,Apple
-0.590882479,0.071691211,-0.714659207,?,1.065654058,0.554930235,Apple
-1.520367415,?,0.307671166,-0.189248405,-0.961676228,0.555215577,Apple
0.04158489,0.357128696,-0.140268256,0.768149882,-0.725918471,0.557204933,Apple
-0.910406687,1.563809562,1.746367097,1.140683448,-1.362473457,0.559606525,Banana
-0.149843294,1.091335484,-1.315960078,-0.082642762,-1.286591475,0.559813408,Orange
1.224764277,?,-0.178411796,?,0.223094694,0.562555522,Apple
-0.819162815,-0.449064432,1.026269237,0.415646803,1.646929246,0.563488974,Apple
-0.189003141,?,-0.273876544,-1.493289898,-0.428467713,0.564633743,Orange
1.133001424,1.066502781,-1.405351481,1.034078248,-0.111157245,0.565544012,Apple
-1.224021811,-0.831858844,1.37683255,?,0.083429528,0.568053517,Banana
1.515900809,?,-0.376447357,-0.839208851,0.6145226,0.572019971,Orange
-0.250458358,0.521571335,0.581298212,?,0.046321089,0.575382706,Banana
-0.464234093,-0.288159471,-1.403856571,-1.127504298,-0.086028041,0.575596201,Orange
0.47231654,?,0.085306585,-1.96516644,-0.321005718,0.577058507,Apple
0.729762011,?,-0.784752353,1.415807181,-1.049256863,0.577546614,Orange
-0.30511631,-0.953258618,-1.006091174,?,-0.586109098,0.577580941,Banana
-0.060632299,-0.599767713,-0.62239888,0.639237613,-0.105937492,0.578503252,Orange
-0.524265852,1.50134892,1.877970547,0.509408309,1.011254225,0.579598746,Orange
2.061089753,0.445021903,1.533564462,0.085182944,0.785720178,0.581126059,Apple
-0.588449822,?,0.413730385,?,0.796985179,0.581565428,Banana
-2.976677108,?,1.128172627,?,1.985386808,0.583068052,Orange
0.82964365,-0.990507195,2.437935447,-1.781710613,0.185282711,0.583884154,Banana
0.159604391,?,0.765635685,-1.359349747,-0.493811974,0.584288877,Banana
-0.829931273,-0.592364912,-0.006504996,?,-0.541897739,0.584676728,Orange
0.210847598,-0.561962615,-1.137578613,?,0.311625809,0.585985334,Banana
-0.90031392,?,-0.005537765,-2.541231712,1.185520852,0.588086334,Banana
-0.437619114,0.155724259,2.286295898,-0.423315449,0.744293972,0.588233357,Apple
-0.736115414,0.659631678,0.640207238,-0.176869899,-1.351189581,0.588787694,Apple
-0.300087093,-0.911663156,-1.254966347,?,0.60026551,0.591202652,Banana
-1.249197591,-0.366734489,-1.193473576,-0.885975648,-0.269402048,0.591321871,Orange
2.310177143,0.241810774,-0.665193023,?,-1.213509544,0.591401352,Banana
1.013230642,1.480424995,-2.070110797,1.979603975,1.697920394,0.59145648,Apple
-0.967310345,-0.765940569,-1.208561321,?,0.885666643,0.592106331,Apple
-0.258412958,?,0.340647397,?,-0.372637564,0.594961528,Orange
-1.50407671,-0.561834789,1.648192682,2.264424607,-0.788251502,0.595202158,Apple
0.274101292,0.452468496,1.054102394,-1.707276238,0.523670106,0.595241151,Apple
-0.833770846,-0.628815754,0.319112988,0.953626847,-0.615122763,0.596461445,Orange
0.6318956,?,-1.670989319,0.723499791,-1.132275794,0.601006223,Apple
-0.738716536,?,0.299951554,-0.03238109,0.097124264,0.601367194,Orange
-0.741183661,-1.379911996,2.362621082,1.696403961,0.563536675,0.6033888,Banana
-0.710601218,-0.473184105,1.058108913,-1.478397851,-1.526821216,0.60597237,Apple
-1.266078352,?,1.474587015,-0.413040786,-0.964415376,0.6063825,Orange
0.300696053,0.931796172,1.017045284,1.296121099,0.805531208,0.609038403,Apple
-0.772063485,-0.840890614,1.360126982,?,0.035756846,0.611370907,Orange
-0.107671502,3.056150065,0.256511041,-0.581270649,1.703788638,0.612973487,Banana
-0.337307387,0.639961906,-0.499167566,-0.569008308,0.500899688,0.613299952,Banana
0.771374392,-0.805905883,0.537063833,?,-0.171856264,0.615508918,Orange
-0.494885175,?,-0.863538708,-0.163798181,1.677526401,0.616969347,Apple
1.214279029,-0.478144232,-1.380174833,0.282232854,0.069022976,0.617378525,Orange
1.793490532,0.638650318,1.513695126,?,-1.589315188,0.618525971,Banana
0.314018448,0.242892473,2.135773763,2.006520779,1.764817152,0.618541341,Apple
-0.64936188,0.408398679,0.263340015,-0.159497086,2.191268495,0.619592125,Apple
-0.490618979,0.611292234,-1.144930471,?,-0.801956919,0.619868688,Orange
0.30851114,-1.278681129,-0.467240442,-1.485907015,1.131636847,0.620053909,Banana
1.251395508,0.454750724,1.102537206,0.974340656,1.191245724,0.620209244,Orange
0.516233626,0.951544075,-1.998293559,?,0.735927387,0.620706181,Orange
0.358975853,?,0.002663806,-0.197593541,-0.317357169,0.621325931,Banana
-1.110070043,?,0.004066472,0.170614744,0.905316518,0.622468721,Banana
-0.407969973,0.806192146,0.390337177,-1.458615855,-0.80936312,0.623705516,Banana
0.030651093,-0.959436701,2.178889161,-0.455070608,-0.335574222,0.623715105,Apple
0.404379895,1.757548076,-0.969258013,?,-0.105401147,0.624676773,Banana
0.168127922,-1.409366795,0.119568088,1.695878677,0.913442245,0.624835356,Apple
-0.819028324,0.330174871,0.100576783,?,-1.102460343,0.627979563,Banana
-1.188551433,-0.482791707,-1.221654106,?,-1.723442953,0.627984956,Orange
0.193299922,?,1.486196053,?,0.226563048,0.628857196,Apple
-0.008216329,-0.352228652,1.052151446,0.361982126,-0.234947463,0.63124801,Banana
1.205391422,-0.041083609,1.276447533,?,0.868398697,0.632052301,Banana
-0.528654596,-0.102160108,1.104540625,0.105681152,1.533212239,0.637669896,Apple
0.111595379,-0.971598099,0.27602585,?,0.731890994,0.63801817,Banana
-0.252780538,?,-0.225345338,-1.554999035,-2.636787352,0.638636733,Orange
0.672430006,0.865275917,-0.406962179,?,-1.125759906,0.639341972,Banana
2.069245872,1.177127531,-0.067086651,?,-0.359650715,0.64149179,Apple
-0.370813559,?,0.514203407,-1.234407526,0.513413495,0.641585498,Orange
0.910383678,?,0.382945355,0.311551745,0.998898861,0.641808027,Orange
-0.122501074,-1.254764711,0.623086038,-0.808790258,1.769890903,0.643472107,Banana
0.865183161,1.163998273,-0.555833667,-0.182408744,1.587945616,0.643478241,Banana
-0.475149456,?,-0.580556998,-1.084613213,1.063399312,0.645625456,Banana
-0.845406974,-0.85664265,-0.645720643,?,-0.110801819,0.647030253,Banana
1.481856291,-0.087615549,0.191816541,0.298722499,-1.779165081,0.648657045,Apple
0.325786279,?,-1.459257892,-0.292031962,-0.082661516,0.65134631,Orange
-0.262910068,-0.137524846,0.989953992,-0.159533775,-1.720233461,0.651422897,Apple
0.008572847,0.234733646,1.141713415,-0.87788806,0.159694489,0.65289536,Apple
-0.591002735,?,0.691571026,-0.249024289,-0.575460953,0.652960783,Banana
0.110823781,1.014485751,-2.190353434,-0.552855988,0.27288873,0.653328785,Apple
-1.487425012,-1.193869828,-0.534990643,?,-0.702111192,0.653653944,Orange
-0.39264464,-0.730983792,-0.974411942,-0.522790244,-1.093788992,0.653921771,Apple
0.163886188,?,-0.274910711,1.439603956,-0.406320834,0.653950655,Banana
-1.840225404,1.392694516,1.34733714,0.575477785,0.393703099,0.655733983,Banana
-0.163868298,1.509369053,0.186613658,1.708649257,-1.124518965,0.660273603,Banana
-0.011122739,2.355195727,0.644507787,?,0.868253628,0.661054444,Orange
0.346625677,?,1.089500833,1.274143314,-1.481920624,0.664449529,Banana
-0.128360629,0.91352719,-0.079556831,0.552933517,-0.371966945,0.665161663,Orange
1.002565442,0.109523393,1.327550772,?,1.783578393,0.665198239,Apple
2.997096668,1.487339777,0.205779684,-0.193712292,-0.221922747,0.665648596,Banana
-0.153614052,0.057698551,-0.351682199,-0.127111694,-1.246814576,0.666338573,Banana
1.28579383,-0.791123475,-0.211190017,-1.933714678,-1.046816592,0.66846009,Apple
0.569158909,?,-0.637980594,0.695555955,0.112726325,0.668849294,Banana
1.105161326,-1.365994638,-1.202031814,-1.458473246,2.009212273,0.669521243,Apple
0.064697909,0.102180403,-0.292143313,?,-0.513717339,0.670688528,Banana
-0.613863872,?,-0.36078381,-0.782642156,-0.244933368,0.672771305,Apple
0.183679479,-1.586644229,0.922694635,?,0.430713001,0.673495775,Apple
0.013740065,0.756337437,-0.531868194,0.229820996,-0.670035575,0.674330224,Orange
-1.023538599,1.228442793,0.424063242,?,-1.099550749,0.674651784,Banana
1.774104098,?,-0.033280537,?,-1.194826099,0.675335128,Banana
-0.458880065,-0.243339004,-0.041838161,?,-1.586093527,0.675368387,Banana
0.849157944,?,0.334003078,?,0.482500834,0.676822324,Banana
-0.367462908,-0.875766584,-1.514441835,?,-1.229095933,0.678779785,Orange
0.43911485,?,-0.205777433,-1.493245992,0.619510602,0.679917613,Orange
-0.011867982,0.303283837,-0.413133946,-1.635070563,1.583877875,0.680916972,Banana
-0.449038174,-2.061463524,0.052629089,-2.833605214,0.368600152,0.682246905,Orange
-1.130274392,0.581150979,-1.243861534,0.150117118,-0.93894031,0.683946604,Apple
-0.904349177,?,1.150662817,?,-0.492187061,0.684569628,Orange
-0.785698172,0.353563391,0.27141167,-1.093548333,-0.993362164,0.685709377,Banana
-1.056032268,-1.69515439,-2.198345199,?,0.420456359,0.688016846,Orange
0.036227902,2.489327571,1.10763668,-1.419921468,-0.169136487,0.691124162,Banana
-0.537808724,?,0.531498819,1.329378364,-1.197669105,0.693780644,Orange
1.362775761,0.992957615,-0.79586477,0.724329854,-1.623455202,0.694263018,Banana
0.170452983,0.356964662,0.705705509,0.831338631,0.352234514,0.695844217,Banana
-0.333100684,-0.983734448,2.138538163,0.324476808,-0.290541688,0.698344233,Orange
0.04988611,?,1.054544283,0.505091955,1.306459462,0.704101784,Banana
-0.384025112,?,0.980332269,0.299296827,-0.224138205,0.708071473,Orange
0.606554838,?,-0.939246954,-1.08597187,-1.778473802,0.708770209,Orange
-0.6564106,?,0.94110911,-0.778097716,1.091224678,0.708897958,Apple
-0.574173111,?,0.915397458,1.31805127,1.28222459,0.709312592,Orange
0.399103828,-0.531691931,0.215382441,-0.563881571,-0.656838657,0.709518202,Banana
-0.80178385,1.451731897,0.574144389,0.344627525,-1.33152251,0.710059752,Orange
2.30686114,-2.088036183,-1.283923474,-0.035464886,0.17253844,0.710958898,Orange
1.347438989,-2.161715476,-0.096686011,-1.031377108,-1.018403757,0.7114549,Orange
1.027397603,1.42987036,0.422336372,0.213142526,1.328107363,0.712421775,Banana
-1.170902493,-0.720815413,-1.129587265,?,-1.266096752,0.712969983,Orange
-0.079026992,0.23528271,-0.868463302,?,-0.914507146,0.713295362,Apple
0.196129277,3.585008873,1.091869114,?,-0.418612477,0.726399843,Apple
1.535107994,?,1.704838709,?,-1.345969549,0.728685937,Apple
0.793336928,-0.202498031,-0.268900668,?,0.020358328,0.733531834,Banana
0.778381541,-0.91311122,1.698621998,0.517976421,-0.368980744,0.733643461,Apple
1.96845968,-1.614194002,-1.513765085,0.553469488,0.456670051,0.734114601,Orange
-1.484752117,0.664493329,1.227870457,0.166408316,-1.706792172,0.734161493,Apple
0.638115564,0.504555473,0.157242403,0.587102335,-0.092184307,0.735101259,Banana
-0.259601835,-0.249768672,-0.264498044,0.448225362,0.511795036,0.738502368,Banana
0.597446996,-0.307768235,0.823198827,?,-2.873046741,0.739250879,Apple
-0.027198949,-1.246478242,-2.012426797,?,-0.24522553,0.742751223,Apple
-1.360901956,-0.697179308,1.154321634,-0.927374541,-0.67767421,0.743544356,Apple
1.566116597,-0.025798067,-0.311125532,-0.855506264,0.064150276,0.744189452,Banana
0.06428178,0.786722122,-0.220988749,?,1.465994122,0.744374474,Apple
0.282175989,-0.007873422,-1.156742103,1.642144095,-0.961655224,0.748397116,Banana
-2.024810587,?,-0.400479307,?,-0.736002477,0.74899852,Apple
-1.006153041,?,1.055950272,-0.30712524,0.682794986,0.750273456,Apple
-0.186345883,-0.669337679,-0.115523893,-0.821495538,0.502989837,0.751133525,Orange
-0.942757661,0.235116092,0.96933526,0.089118995,0.332594311,0.752102487,Apple
-0.948200561,?,-1.255042569,0.680317776,2.697029656,0.75252323,Apple
0.068262005,0.349726775,0.047235473,0.038994324,-1.452278539,0.754169173,Apple
-0.3035625,?,0.867189993,1.73944271,0.405278403,0.755255016,Banana
2.151994396,?,0.418555003,?,1.101032306,0.756640391,Orange
-0.612353615,-1.874280429,0.905195078,-1.509451811,-1.14359172,0.759366656,Banana
0.72010639,0.836701529,0.136906568,0.141689297,0.983212723,0.76002027,Banana
0.827432997,-0.400431223,0.526989973,-2.15056683,0.049138396,0.764260606,Apple
-1.898726108,0.541773379,0.304601903,-0.518118127,0.409705819,0.766886693,Orange
0.004271279,?,-0.618034578,1.965662497,1.110994153,0.767628212,Apple
-1.063103635,-0.773314761,0.256287216,1.054701251,-1.102265832,0.769811527,Apple
2.078140078,?,-1.905700116,0.624194673,0.879767339,0.77084092,Apple
0.989919604,?,0.280027239,-2.050286772,-0.465720982,0.770972629,Apple
1.221640354,?,-1.579417446,-0.409926915,-0.481658241,0.771828189,Apple
1.958918349,-1.492274357,-0.40462276,?,-0.735358499,0.772078723,Apple
0.223633298,?,0.68530206,?,-0.41554948,0.773339203,Apple
0.26131,-1.000244799,-0.525638625,0.553416949,0.191353832,0.773401003,Apple
0.046331931,-1.424515645,0.884220159,0.67036669,-1.206702658,0.774868926,Orange
0.331345225,0.14723742,2.227398793,-1.057207298,0.680372808,0.77601624,Apple
1.2409735,?,-1.657668308,0.667931242,0.134116379,0.777024507,Banana
-0.055874032,?,0.420484722,0.781341347,0.354745606,0.782210943,Apple
0.892259034,-1.527261234,0.49821803,0.908189137,0.732667089,0.783208307,Banana
-0.221882812,-1.447960878,-0.026490889,-0.340104863,0.896739441,0.789982652,Orange
1.008252397,-0.604878296,1.073642419,0.277170159,0.418131817,0.791349915,Orange
0.578820063,0.772547057,0.747990592,1.241270916,0.240289443,0.791729193,Orange
-0.033003941,?,0.007349169,?,-0.001565573,0.79249155,Orange
-0.589118256,?,-0.431507106,-0.811729772,0.753436436,0.793058901,Orange
0.969301491,-0.868816176,-0.435603787,1.238441285,-1.752126956,0.79362518,Orange
-1.072390627,?,0.706585652,-0.971531084,-0.299675025,0.794601411,Orange
0.076968166,-0.618670172,-0.237893999,?,-1.060597208,0.795969572,Apple
0.020462604,?,2.174372418,?,0.601825241,0.796673118,Banana
-0.5473763,0.846536588,1.974241773,1.288377691,0.234765481,0.799020284,Orange
-0.704398863,1.24520246,0.894646539,1.351182263,1.274407685,0.799796513,Banana
0.041884366,?,-1.666973051,1.133146695,0.006043661,0.800233904,Banana
-0.340628928,-0.670162031,0.346516268,-2.298228254,-0.495508597,0.800500566,Apple
-1.354366743,-0.534349287,-0.339240013,-0.212387953,-0.4777083,0.801714545,Apple
0.957391324,?,0.41300621,0.439417164,-0.027228519,0.801801298,Orange
1.200923042,0.445931576,-2.326302841,-1.510026461,0.563348946,0.802006158,Apple
0.251453802,?,-0.081998493,?,0.421271107,0.80302651,Banana
0.092199792,-1.174712728,0.92868702,-1.45647631,0.7898732,0.806292639,Apple
-0.453631268,0.001325853,-1.311720522,0.48537088,-0.904019868,0.807728886,Orange
-2.276619485,0.380356458,-0.849695163,0.710100669,0.870623285,0.808752405,Banana
-0.804854027,-0.475549798,-2.270392629,?,-2.651176299,0.811079882,Orange
0.527450709,0.183777573,0.239053423,0.215337841,-0.323082245,0.81720215,Banana
0.524318321,-0.77008985,-1.289895301,0.707612567,-0.035728891,0.818317244,Apple
0.026200014,-0.215419104,1.274265367,?,0.917472043,0.819889354,Banana
-1.073486044,-0.588080195,1.364668415,?,-0.37657128,0.820741918,Orange
1.213210567,0.13975369,-0.687749835,-2.133840327,1.185914356,0.821268845,Orange
-0.301158269,0.087504286,0.965349417,?,-0.702000831,0.823718553,Apple
-0.364372921,0.665738258,-0.089010317,0.46355636,1.163335718,0.824388,Apple
5.62097E-05,-0.913238077,0.426084263,-0.207198436,0.879968929,0.826004749,Apple
-1.368598148,?,1.256731775,0.506105019,-0.038303876,0.826809285,Apple
-0.398214994,?,0.123000227,-0.810134729,1.215011057,0.827561132,Orange
0.028885945,0.048253312,1.685196044,1.864544497,-0.166964196,0.827986768,Orange
0.09403182,0.684120378,-0.770597008,0.191915762,0.867063346,0.828712183,Apple
0.399129997,-1.243853174,-0.228106353,0.012868303,-0.804536998,0.83063792,Banana
-0.207793426,-0.817729376,0.217685175,?,-0.302637487,0.830973834,Banana
-0.228357003,0.011273768,1.227797448,?,1.332653792,0.831826199,Orange
-0.328681545,0.909631157,0.050153717,?,-1.229984094,0.832881521,Orange
0.433654586,-0.889664747,0.129060642,-0.678645019,-0.571031961,0.835449502,Apple
0.937202089,-1.190159363,-0.216547162,0.526171954,1.798766715,0.836414817,Orange
-0.168783672,?,-0.221230121,-1.197051375,1.42142532,0.836956097,Apple
-0.09260714,?,0.464050688,0.48027314,-0.402863914,0.838510207,Orange
-0.461035897,?,0.134212655,0.733725649,-0.563083426,0.840619274,Apple
2.046425756,?,-1.562054696,-0.523824495,-0.581213813,0.840753152,Banana
0.517597801,?,-1.078568061,-0.198890067,-0.31445531,0.8420943,Banana
-0.720620807,-0.058141977,0.066698613,?,-1.300125371,0.842746369,Banana
-1.038762099,?,1.260238735,-2.034005548,-0.695246398,0.842900459,Orange
-1.609594312,2.534287581,1.222846429,1.463084931,-0.897837329,0.844119741,Banana
0.343406285,-0.241604905,-1.577133252,0.217457146,-0.839378508,0.846542699,Banana
-0.206101224,?,1.552292181,-0.307502529,0.468990027,0.847973599,Banana
2.047066435,?,-1.737300521,?,0.978543892,0.848328344,Banana
-0.613037126,-1.477755259,-1.253787254,-2.024562725,-0.351856535,0.848813305,Orange
0.249792199,-0.764411384,1.09467365,1.321590198,0.955032444,0.852992928,Banana
0.294030562,0.90801112,-0.84831255,0.241896185,1.436257178,0.853883026,Banana
-2.731908584,0.634367073,1.102724112,-1.057248397,0.200734962,0.864107883,Banana
-0.027244935,0.763907926,0.547403804,0.12908417,1.350419892,0.867103303,Banana
-0.161504204,?,1.20830083,1.118559229,0.418513228,0.867900812,Orange
-0.315957316,?,1.619560743,?,-1.203104642,0.869404234,Orange
0.581501665,?,0.365203445,?,0.340598598,0.870032778,Orange
1.216955462,?,-0.525266916,0.377390813,-0.32117478,0.872177732,Banana
-1.16526356,-1.585555384,1.053756113,2.043861894,-0.366499746,0.873230269,Apple
-1.363664117,-0.463148599,0.652688039,0.691735343,0.550815258,0.873879846,Orange
1.557232757,-1.441044884,-0.943741464,-1.250722128,0.129892697,0.877767738,Apple
-1.661651399,-1.63052468,-1.730532591,-0.906402689,-0.439268167,0.881108455,Banana
0.669481538,-1.708692583,-0.75306457,-0.536201682,-0.18541826,0.881778194,Apple
-0.059701066,0.20682142,0.517297648,1.10164337,0.254891236,0.882832648,Banana
0.644541303,1.334263564,-0.547612828,-0.684700447,-0.51040571,0.885816196,Orange
0.939397421,?,0.711437623,-0.994756683,0.228183162,0.887054097,Orange
0.118973397,-0.280857063,0.128389603,-0.298993145,-1.160620852,0.887820182,Orange
-0.953970054,-0.865634042,0.428905933,?,0.569839209,0.888652857,Banana
1.006430911,-0.603754433,-1.414536694,-0.375582776,-0.007443557,0.893077576,Apple
1.310279687,?,0.16201234,-1.681431976,0.841341918,0.896748594,Apple
-0.424360933,-0.265138973,1.540529621,0.922503387,0.979510262,0.898865951,Apple
-1.348791364,-0.077071956,1.009898405,1.143266068,0.177315867,0.901059607,Apple
0.257373354,0.626813772,0.873531343,-0.788977621,-0.40713739,0.901319896,Orange
-0.412664041,1.315793479,1.03548457,0.965729564,1.819454714,0.901939139,Orange
-0.10789429,-0.335394149,-0.909864163,1.398627784,-1.607456847,0.903760268,Apple
1.608340325,?,-0.862835624,0.312010346,-1.631844248,0.905666976,Banana
-0.041918544,-0.208709391,-1.331732931,-0.652100607,0.752360439,0.90664669,Apple
-0.388143066,0.167203046,0.461418452,0.657268557,-0.314881178,0.907931677,Orange
-0.826994071,-0.440909093,0.578243271,0.320186235,-0.612934237,0.909712635,Banana
1.062077476,0.839192025,0.302718774,?,-0.280042008,0.909766328,Apple
-1.104607004,?,-1.732530692,?,1.121352055,0.911346056,Orange
0.766415715,?,0.363320395,-0.396977684,-0.344333867,0.911864254,Apple
-0.917495108,-1.991563942,-0.149301277,0.077110434,0.083892073,0.912205267,Orange
0.098889428,?,-1.292243753,-0.642619243,-0.496466007,0.915870496,Orange
0.474233054,0.857116944,-1.890501269,-0.27454245,-1.692773422,0.917578862,Banana
1.944225295,-0.597395049,2.531850822,0.789495736,-0.687127658,0.918904543,Apple
2.630681267,-0.67862205,-0.121436926,?,0.289190429,0.920963283,Banana
-1.338165545,-1.323192355,0.867746339,-0.232201944,-0.161803845,0.921964166,Orange
1.915593805,0.274665412,0.246707577,-0.385887351,-0.606514122,0.925837916,Orange
-1.974628272,1.0737413,-0.387925042,0.782386195,-0.320816004,0.926697969,Orange
3.027355382,0.651710086,-2.052661903,?,-0.189176659,0.926734296,Apple
-1.870786563,0.580268711,-0.286317675,?,0.773364895,0.928294375,Apple
-0.785186957,-1.194200911,-1.270618954,0.624845674,0.808358195,0.928414855,Orange
-1.671592185,-0.17379511,0.675997715,?,-1.03757038,0.929192948,Orange
0.007288224,0.276384493,1.323094173,0.740323027,0.938157443,0.929426484,Orange
-2.212729358,?,-2.554633814,?,-1.601611485,0.930864265,Apple
-0.812606221,-0.990727,-0.359809174,-1.125138934,-1.160608598,0.93162362,Orange
-0.77809463,-1.720197959,-0.69500939,-0.112053813,0.183476704,0.933868676,Banana
-0.275177483,?,-1.825965155,?,0.457759984,0.935221253,Orange
1.674821125,0.353671069,1.207082575,-0.9099363,-0.469078489,0.93550465,Orange
-2.120448868,-0.023097892,-0.221768538,0.957699876,1.304648031,0.93933243,Banana
0.240264313,-0.433315158,-0.141479925,-0.471822987,-0.151792715,0.941626469,Apple
0.510304531,-0.559167666,-0.164897241,1.368686719,1.607367411,0.944230645,Apple
-0.266381027,-0.121153421,0.232961571,-0.301574432,0.883026902,0.946682953,Banana
-1.232396876,?,-0.217573014,-0.495273779,1.890581779,0.948950199,Apple
0.58614538,?,0.145551507,-1.116959405,0.582943961,0.95018562,Orange
-0.344096547,?,0.85992088,-0.596688688,1.149242739,0.95383631,Banana
1.242435168,-0.273536824,0.202078963,?,1.379239743,0.953991203,Orange
0.606087501,-0.723566101,1.539631873,0.068277039,1.520644797,0.954742054,Apple
1.473345618,?,-0.073042244,-0.772983174,-0.11319408,0.955983614,Orange
2.073024402,?,-0.205402218,?,-1.36049044,0.95617464,Orange
-1.033052337,?,-0.475064878,1.426992329,-1.37051067,0.95632384,Orange
-1.314520202,0.188371819,0.035094621,?,1.336202736,0.957805694,Banana
-1.123879881,?,-1.14815378,0.043635565,-0.499635306,0.960063026,Orange
-0.569028735,2.235981965,0.501722016,0.315206807,0.100641647,0.960932458,Banana
-0.024613655,-1.237826843,-2.062520471,0.397632397,-1.039665235,0.964096356,Apple
0.372209212,-1.96645798,1.418191424,-0.801724621,-0.737936424,0.965210138,Banana
0.487135816,?,0.413452414,?,1.985514795,0.967258896,Apple
-0.427866284,0.819174505,-0.27049696,0.848084896,0.60368537,0.967433625,Orange
0.704962939,-0.632463273,-0.322787403,-0.849434166,-0.752086159,0.968175427,Banana
0.471062776,-1.372969958,-0.421353468,0.720431325,0.463952315,0.968979762,Orange
-0.508989998,-1.449465148,0.058546954,?,-0.76358074,0.971032211,Apple
-1.118401317,?,0.928992821,-1.150877891,-0.451138005,0.971684156,Orange
0.652805673,?,-0.273769236,-1.017970265,-0.277406476,0.97335624,Banana
-0.241295986,0.666764324,-0.607590562,0.666576445,-2.89022833,0.973947554,Apple
0.691874598,?,0.345037826,1.068422043,-2.052333916,0.974558907,Orange
0.532824835,?,0.741381144,0.106314498,0.218718305,0.975229938,Orange
-1.839032786,?,-0.217009908,?,0.804564218,0.976792463,Apple
0.770451395,0.855237622,0.308457153,?,0.902122835,0.978029924,Banana
-0.459515712,?,0.996817117,-0.669685276,0.289744327,0.97897003,Orange
-0.120010394,-0.538469469,-1.307508603,-0.527527007,0.439956477,0.980395783,Banana
-0.097729809,?,0.249228943,?,0.484150435,0.981981824,Banana
0.064442306,0.211259575,-0.908968841,?,-0.682821613,0.982889777,Apple
0.717512364,0.757541631,-2.080207696,2.178036108,-0.020345284,0.989872355,Banana
-0.884923246,-0.079778906,-0.301631387,-1.472925901,0.706544702,0.99388098,Orange
1.769615938,-0.509955864,1.316145084,-0.993758021,-0.876581139,0.995945486,Apple
-2.091997681,-0.522033344,-0.065252637,?,-0.682311208,0.99662937,Orange
-0.492310064,?,-0.636511404,-0.476804782,-1.740462655,0.997135587,Orange
-0.39251554,1.524094805,0.091726081,-0.984685026,-0.191178397,0.999168207,Apple
1.31924118,0.391998868,-1.073240045,?,-1.083676655,0.999191786,Apple
-0.211499056,?,0.332272671,0.174689642,-0.782652145,0.999897785,Banana
-0.816969535,?,-0.106752631,?,1.138616531,?,Apple
0.102542741,-0.394107723,0.570030559,0.883591736,-1.188695909,?,Apple
-0.848072381,?,-1.281537919,-0.712460224,-0.697468844,?,Banana
0.535588621,1.010714887,-0.009853472,?,0.198076446,?,Banana
0.0091434,0.567899152,0.989620282,-0.805279917,-0.034729285,?,Banana
0.724033329,-1.77967389,1.647580061,-1.602823915,0.250869094,?,Orange
-0.174211222,?,-0.583796977,?,0.081420587,?,Banana
1.098454863,0.045592358,-0.261506418,0.651341019,1.958994057,?,Orange
-0.920969561,0.70926366,0.081657431,?,-0.665424395,?,Banana
-0.606325926,-0.035446907,0.815190703,?,0.200093724,?,Banana
0.203795657,0.23811964,1.053310804,0.93409547,-0.71200889,?,Apple
0.28658469,?,-0.575142643,0.664897492,0.297801198,?,Apple
-0.332918218,0.895369164,0.932920763,1.91358912,0.661970027,?,Banana
-0.796562392,-0.558318273,0.798632224,0.964931369,0.983040241,?,Banana
0.108966586,1.709307886,0.223867742,?,0.740360853,?,Apple
-1.790433522,-0.036566457,2.007486582,0.216878422,0.340139289,?,Banana
-0.333675135,?,-0.844430273,0.680089005,1.07349849,?,Apple
-2.042443651,1.39319255,-1.099580822,0.682540274,-2.63712814,?,Orange
0.363428518,0.329330718,0.531809628,0.777812044,1.954907212,?,Orange
-0.456624237,1.967660744,0.656728816,-0.838239687,1.124087479,?,Orange
1.838878731,-0.240385104,0.378313511,-0.476928684,0.870460036,?,Apple
0.300456329,?,-0.497020843,?,-1.239714075,?,Banana
0.515607045,-0.166172274,-1.382736644,?,1.679655029,?,Orange
-1.655315205,0.663999032,-2.460232964,-1.42041817,-0.536961798,?,Banana
0.533401691,?,0.87533794,-0.468349272,0.829744795,?,Apple
0.231235174,-0.864654216,-0.340504616,-1.526826563,0.252884296,?,Banana
-0.366575426,?,1.110762901,-1.464063851,-0.303571497,?,Banana
0.253545706,-0.544713092,0.163216392,-0.557271802,1.371094523,?,Orange
-0.737812919,-1.159929275,0.221191555,-0.47970564,0.010335839,?,Banana
0.724260748,-0.489873049,0.396912787,-1.041308078,0.955164011,?,Apple
0.206959815,-2.503598924,-0.133077514,1.616406062,2.035525862,?,Banana
0.230147118,-1.555246191,-1.324654737,0.724672283,1.85372614,?,Banana
-1.23178012,?,-0.540073443,1.165922438,-1.11141855,?,Apple
-3.013743112,?,2.894733734,-0.710286348,-0.808736011,?,Apple
-0.420208057,1.922918402,0.117708084,-0.557943981,-0.432106207,?,Orange
0.328808111,1.18669206,-2.174128889,-1.568894535,-0.843219083,?,Banana
0.649129981,?,-0.818268627,0.185296123,0.299791289,?,Orange
-0.546968535,1.072212477,-0.368929564,?,-1.049900344,?,Banana
0.66499752,-1.072940563,1.050591496,?,-0.284547718,?,Banana
0.788688961,?,0.195986484,-0.770346555,-0.030277181,?,Orange
-0.775878023,-0.290838508,0.688834339,0.56878902,-0.065077084,?,Banana
0.719726359,?,-0.713936776,-1.507531229,-0.328918629,?,Apple
-0.868785461,-0.718549061,-2.304812759,-1.061988036,-1.893143913,?,Orange
-0.215482206,0.957095213,0.365000975,0.725810573,-0.742836537,?,Orange
-0.771078611,?,-0.496328202,0.78680689,-0.565584431,?,Orange
-1.319539236,?,-0.19687494,-0.266876842,0.793101386,?,Orange
1.144060382,?,0.391329825,0.27642915,0.362172617,?,Banana
-0.006979294,-1.508397103,-0.80779514,-1.187777384,-0.123752911,?,Orange
0.617749717,?,-1.221752962,0.584266946,0.596245594,?,Orange
0.533462305,?,0.742247876,1.661961566,2.091600723,?,Banana
-0.459946006,-0.013573491,-1.791128999,?,-0.342923016,?,Orange
-0.072543265,?,0.74035295,0.41712903,-0.369958928,?,Orange
0.892425058,0.350687655,1.653944547,-0.320606381,-0.387505645,?,Apple
-1.624059252,?,-1.856841151,?,0.567014474,?,Apple
-0.611783583,0.039874372,-0.199140724,-0.549256588,-1.543741802,?,Banana
-2.172082885,0.1148095,0.187300951,?,1.506608089,?,Orange
1.227871169,0.214831531,0.574749429,?,-0.685781768,?,Orange
-1.31574214,0.683354768,-0.570877056,0.322460305,0.102190704,?,Banana
-0.195545414,-0.651584417,-1.244118594,-0.595912916,1.643489416,?,Apple
-0.071483516,0.283126599,0.500892637,?,-1.338008021,?,Orange
0.165875607,-0.167676889,1.534222691,-0.595930158,-1.698462665,?,Apple
-1.156896345,1.364394232,0.237271138,0.59370077,0.685208261,?,Orange
-0.833498241,-1.040187333,0.140840904,?,0.848510879,?,Orange
0.226883549,?,2.491014142,-1.233578386,0.889293507,?,Apple
-0.160495908,1.915033916,1.185574706,?,-0.115789782,?,Orange
0.479454256,?,-1.257803224,0.808758054,-2.388972112,?,Apple
-0.191387651,?,0.402532159,1.210751726,-0.544059459,?,Apple
0.158272644,1.133769545,2.093356158,-0.914501001,0.268137736,?,Banana
-0.132437055,0.272646879,-0.074172042,0.41933839,-0.386555962,?,Banana
-0.855125868,0.586395491,0.670142132,0.089500617,-0.34723636,?,Apple
-1.0849606,0.877382546,0.029966756,0.523091269,-0.573213774,?,Apple
-0.676010384,-0.842716509,0.643084096,?,0.053140228,?,Apple
-0.946875039,0.514491166,-0.571375768,-0.017599022,2.144332703,?,Apple
-1.876831629,-0.261383874,-0.79702178,0.191950418,0.892889178,?,Apple
0.195366832,-0.19634219,2.053624398,0.176395208,-0.956626726,?,Banana
0.993183135,0.623542345,-1.573532902,0.284538447,1.924068231,?,Orange
1.464854293,?,-0.710837423,-1.021563724,-0.51522567,?,Orange
-0.124064323,1.100750771,-1.097636976,-2.096048896,-0.867973194,?,Apple
0.115635446,0.117621558,-1.165379278,-0.683597297,0.82287513,?,Orange
0.622504856,0.060759225,2.292946963,0.042397078,1.80016269,?,Orange
0.568647041,-0.534015281,-1.467422765,-0.933512026,1.519881818,?,Banana
0.849581533,0.934397736,0.520847233,0.291552488,0.32604514,?,Banana
-0.768164827,0.668469419,-0.105447303,?,0.662932935,?,Orange
-0.177668221,0.355934612,0.877308042,?,-0.545810797,?,Banana
-0.4469649,-1.077681559,0.232698669,1.613970532,-1.171377007,?,Banana
-0.260815079,-1.344946188,0.33181634,?,-1.513244632,?,Orange
0.09220079,1.619522229,1.195346337,-1.668410588,1.265992197,?,Banana
-0.380909986,0.708553212,-0.787390166,0.45083916,0.249539829,?,Orange
-1.054640396,?,-1.183390985,-0.363897272,-1.333755784,?,Orange
-0.447410369,?,-1.93557165,?,-0.55816299,?,Banana
-0.378486017,?,-1.838555645,-0.65671396,-1.468214433,?,Orange
0.785885087,1.14240324,0.317791493,?,1.19979179,?,Banana
0.371959517,-0.80415253,0.007751485,-0.127777955,-0.958571339,?,Orange
1.671945676,-0.201548766,0.735610236,-0.181751803,-0.076409071,?,Orange
-1.176835783,-1.070085639,0.301266467,-2.187225635,1.471065956,?,Orange
2.829329563,?,0.136321511,?,0.213848893,?,Orange
-1.382514259,-0.771771643,-0.280533256,0.540254513,0.360423356,?,Banana
-1.160052275,1.584007661,-0.229143876,1.21012872,-1.298931134,?,Banana
-0.160406448,?,0.428346955,?,0.180114803,?,Orange
-0.092364345,?,0.800394369,?,0.410165179,?,Apple
1.38084198,-0.068731978,-1.710736409,?,0.658703186,?,Apple
1.391929768,-0.380654123,-0.314126695,1.386975601,0.344076611,?,Banana
0.377300466,1.643090584,0.079772882,0.597971565,-0.405474065,?,Orange
-0.674582575,-2.767470922,2.151521936,?,-1.18519675,?,Apple
-0.451449027,0.173777484,1.041670575,1.293303618,-0.096112163,?,Orange
0.944354769,0.23548538,1.409982463,?,-0.210418476,?,Apple
-1.383731962,-1.551714074,-0.03510877,-0.746034379,-0.579753473,?,Orange
-2.767759977,1.10867032,1.197980545,?,-0.700281943,?,Apple
0.968806963,0.499494753,-1.290993842,-0.582610383,1.487367774,?,Apple
2.445039129,-0.21905985,-0.948975687,0.230888055,-0.856694853,?,Orange
0.313933087,1.41718063,2.008968803,?,0.054377449,?,Apple
-0.795859266,1.076243757,0.264287776,-0.582240976,-0.342724304,?,Banana
0.515616001,-1.414440246,-0.665397422,?,1.74862628,?,Apple
-0.507939843,0.0570514,-2.022011811,-0.490101646,0.731947465,?,Apple
0.27141741,0.816795227,-0.104255826,-0.080327977,-0.420147786,?,Orange
0.006470795,1.646746502,-1.026760107,0.688397578,-2.416389622,?,Banana
0.075398302,-1.349323999,1.89317926,-0.894796747,-0.313975395,?,Banana
-0.810239741,1.756746698,0.206357433,0.348316381,-0.764233853,?,Apple
-0.36031982,?,-0.259184341,0.483023215,2.314613503,?,Orange
-1.614782578,-0.33188885,1.301657166,0.103437186,-0.301778836,?,Orange
-1.11988672,-0.574907301,0.753341359,-0.503002123,-0.280602556,?,Apple
-1.57499766,?,-0.044939315,0.159084216,-1.528795587,?,Banana
-0.176787732,-0.867440149,-0.263312129,?,-0.857317452,?,Orange
1.414732217,?,-1.787202646,?,-1.662022085,?,Orange
-0.722708237,1.690280353,-0.976823213,?,-0.759839565,?,Apple
0.077936195,-0.727819304,1.104727545,-0.740525137,-0.030021462,?,Orange
-0.882160977,1.060776945,-0.110066209,?,1.36329763,?,Apple
-0.594723348,-0.885457574,-0.831933224,0.754159601,-0.084984123,?,Apple
-0.678610589,-1.75033172,-0.367717313,?,-1.31200288,?,Orange
0.856229882,1.35878324,-0.841299936,-0.684351011,-0.549276999,?,Banana
-0.968325602,0.338559445,2.237369444,0.149524089,-0.227296895,?,Banana
-0.201380525,?,0.500384516,-0.024135747,-1.173263379,?,Banana
0.835732122,?,-0.691205045,-1.055767342,0.155986851,?,Orange
0.803647106,-0.78103566,-0.518707965,0.051474508,2.657701423,?,Orange
-0.490789336,?,-1.039803415,0.210413748,-2.167232337,?,Orange
0.7723692,1.42142802,-1.129094696,?,1.017177106,?,Apple
0.71546195,-0.805953193,-2.031979665,-0.200771529,-0.98675746,?,Banana
0.896733572,0.903816405,0.632394343,0.046289345,0.922793056,?,Apple
0.139853073,?,-0.769961068,-1.113888648,0.853171199,?,Banana
-0.259575411,-0.713681341,-0.148736355,-0.768617695,0.897912617,?,Orange
0.254727723,1.337606407,-0.092330353,?,-0.079127432,?,Apple
0.334374452,0.461437838,-1.909153188,-0.242398869,0.583076456,?,Orange
-0.459064001,-0.690987054,1.407758066,1.582256296,-0.095287738,?,Banana
0.987189862,1.370143319,0.260931617,?,-0.999112035,?,Banana
0.658088,-1.355070015,-0.072491475,0.562562091,0.653126745,?,Orange
0.594690231,0.156219288,-1.822106341,0.373789767,-0.357611392,?,Orange
0.714631543,0.582441127,1.58377209,-0.849140318,-0.508766814,?,Apple
-0.578956189,0.838427766,-0.37745842,-2.450129368,-1.691745464,?,Banana
-0.264520611,1.109664734,-0.632598126,?,-0.841011302,?,Apple
-1.132710131,-0.801700531,-0.193839575,?,-0.586579088,?,Orange
-0.593344451,0.22341881,1.46793441,-0.280761732,2.251198187,?,Banana
0.506122234,?,-1.15638025,1.288255944,-0.857237456,?,Apple
-1.166854884,-0.527520953,-0.765848833,-0.595592493,1.177698321,?,Apple
-0.891213235,-0.834853719,-0.018021349,-0.662907831,1.468757687,?,Apple
0.937529815,?,1.528100547,-1.161641856,0.984326507,?,Apple
-1.110792804,0.256305827,0.473595816,?,-0.122166731,?,Banana
0.437816596,-1.114399582,0.202656449,2.241607142,0.191129422,?,Banana
-0.880377153,1.144441822,-0.03625515,-0.440548211,0.120885062,?,Apple
0.418171757,1.628278245,0.125668148,0.045500786,-0.098867527,?,Apple
0.714794468,?,-0.680234996,?,0.673035463,?,Banana
1.874718709,?,-1.00180173,?,1.075141824,?,Banana
-0.016041674,-1.657094337,0.234145404,0.25808471,-0.87008202,?,Banana
-0.641120006,0.150660766,-0.609969182,-0.414720954,0.230235829,?,Orange
-0.516354158,1.163618535,0.866143996,?,1.19676162,?,Orange
0.587308199,?,-1.513403203,-0.228586885,-1.879020505,?,Apple
1.226235134,?,1.138947865,0.382170281,1.550617918,?,Apple
0.657334934,0.571441344,0.132751655,0.532427889,0.694000842,?,Apple
1.344373601,?,1.361807821,?,-0.01840856,?,Orange
-0.687872976,-0.703487231,-0.006262904,0.462863117,-0.480139157,?,Orange
-0.412485049,?,0.263945899,-0.248919184,-0.502829625,?,Apple
-0.034447298,-2.068774621,0.582289376,-1.665167642,-0.451035679,?,Orange
-2.420049141,0.537807109,-0.911430711,1.254583888,0.588723863,?,Orange
-0.452986398,0.927926129,-0.464560549,-0.833246399,0.026477132,?,Orange
0.245756975,?,0.116421826,-1.3720123,1.666872635,?,Apple
-0.49559924,?,1.659062903,0.022975884,-1.661733425,?,Apple
0.501576273,?,0.886957698,?,-0.832458463,?,Orange
1.346574031,?,0.843870432,-1.699792141,-0.754646577,?,Banana
0.848838586,?,0.39642081,-0.095706084,0.283354836,?,Orange
0.322428016,-1.269732547,-2.360704747,1.012117301,-0.865008738,?,Banana
-0.913845106,-1.097550998,-0.101809745,0.263214964,0.449335984,?,Orange
0.714883114,?,-0.836065037,2.506753013,-1.313662128,?,Orange
0.404214576,?,1.151483809,0.964918142,0.617579967,?,Apple
0.17849297,-0.830350246,-0.644814924,-1.349998062,0.923339795,?,Orange
0.539430577,-1.703682752,0.482917716,?,-0.951679233,?,Orange
-1.740787926,1.345144724,-1.897343556,?,0.865755896,?,Orange
-0.467589617,-0.261783527,-0.416180015,0.729096595,-1.57884872,?,Banana
1.547563886,0.638653677,-1.293983475,0.780155443,0.635559934,?,Orange
0.168771656,-0.172342855,0.660176641,?,1.582961832,?,Banana
0.534613412,-0.313787661,-0.409561853,?,-0.880748007,?,Banana
-0.66615257,-0.764691994,-1.053813621,-0.970792865,-0.196207034,?,Orange
-1.972549734,0.551724873,0.382415873,?,1.386782361,?,Banana
-1.038222852,?,-1.953316508,?,-0.634865313,?,Apple
-0.209735425,1.045860323,0.914160632,0.257378542,0.262896529,?,Orange
-1.203910139,?,-0.825837028,-0.151726246,0.312773492,?,Banana
0.479625196,-0.657075349,0.607580997,-1.457334058,0.900108946,?,Banana
-0.974613633,?,0.161431328,-0.586413704,-1.320359915,?,Orange
-1.45597976,-0.862818784,-1.806831778,?,1.63317417,?,Orange
0.850969558,-0.745447598,-0.44159746,?,-2.755962468,?,Banana
-0.550847528,?,0.451866124,?,0.774793162,?,Apple
0.633251044,1.060343869,1.318742892,-0.485517951,1.539556058,?,Orange
0.647210897,-0.747126772,0.312621872,0.76491652,1.07980785,?,Banana
-0.883958905,?,-0.060997425,?,-1.279098275,?,Banana
-0.677342246,-0.444459471,1.087585354,0.968340003,-0.552243527,?,Banana
-2.474865935,-1.538111863,-0.819059414,-0.126553788,-0.53233833,?,Orange
0.129606439,-0.759365364,1.439916149,?,-0.669909189,?,Orange
0.446669141,-1.124237639,1.52208409,?,1.634510394,?,Apple
2.270960938,?,0.723610885,0.839855765,1.603785824,?,Apple
-0.979377491,0.781615224,0.864464083,?,0.76058805,?,Orange
0.888326697,?,0.055909241,?,-1.342129334,?,Orange
-0.992563387,?,0.778280506,0.158682712,1.284771062,?,Orange
-0.710726766,-0.068553336,0.188138086,-0.062331793,-0.694553387,?,Orange
0.297490366,-0.651553578,-0.162902978,-0.089022632,1.403004229,?,Apple
-1.355081091,-0.129548162,-0.934780896,?,-1.285126085,?,Banana
-2.341110377,0.110129681,0.704497764,0.123840977,0.344265964,?,Orange
-1.992356787,-0.706945059,1.276464904,?,0.816904467,?,Banana
0.307669974,0.032827774,1.482969202,-1.386264307,-2.645731534,?,Apple
1.340180499,-1.616687643,-1.40995072,-0.100190414,-0.484432499,?,Apple
-1.647056794,-0.723683047,-0.318631887,?,-0.671740217,?,Banana
0.916930708,?,-0.960572681,0.041888261,-1.615809729,?,Banana
1.493579304,0.493068951,2.043885285,-0.470988414,-0.631908724,?,Apple
0.467453285,0.057806515,0.532182744,-0.700622324,0.038628887,?,Apple
0.191847495,?,0.986666397,-0.244380446,-0.141387359,?,Banana
-0.41462853,?,0.325718793,?,-0.40324911,?,Apple
0.309628189,?,1.343904072,-1.724039313,2.080199853,?,Orange
0.218076141,2.654213978,-0.522906566,-1.788956573,1.560354265,?,Apple
0.156156887,?,0.041627418,?,0.18574777,?,Banana
-1.641145283,1.863009182,-0.836025119,?,1.707531364,?,Banana
-1.178527786,?,-0.187298105,-0.678394582,0.867290544,?,Apple
0.784873003,-2.612050966,0.80322636,0.445260584,0.521158645,?,Banana
0.105444082,-0.879038227,1.184591199,-0.168647986,-1.22880571,?,Orange
-1.280642047,0.626559465,-0.948218891,0.477205161,0.739052079,?,Orange
-0.010428978,-0.19612735,-0.129996961,-1.559338589,1.355883923,?,Banana
1.001371678,-1.186979121,0.665472977,-2.169052849,-0.357030066,?,Orange
0.004160232,-1.412856731,-0.620459398,?,0.376916179,?,Banana
-0.07870008,0.254041473,0.900168137,?,-0.116877571,?,Banana
1.541411316,-0.345650255,0.668219841,-0.238497619,-0.310816327,?,Apple
-0.410383459,?,-1.015462735,?,1.499876057,?,Orange
0.518813183,0.265813063,0.479899452,1.015997815,0.316163957,?,Apple
-0.55736926,?,1.282947945,-1.885000192,1.254376377,?,Banana
-0.783132766,-0.457925126,-1.964450467,0.3077545,-0.623995415,?,Banana
-1.057986696,-1.892950377,-0.647280892,0.652606112,-1.775396532,?,Orange
1.120307145,?,-0.948182772,?,0.428618246,?,Apple
-0.75052288,-0.465421529,0.622138985,-1.119637268,-0.83652516,?,Orange
-0.826285737,-0.343608077,-1.359632756,-0.352174154,-0.015544197,?,Orange
1.117869085,?,-0.425257112,-0.772761895,-0.723610406,?,Banana
-1.204027329,1.673818205,1.052604414,?,0.465199812,?,Banana
-1.123583006,-0.567296175,-0.667226284,0.769166537,0.292327205,?,Orange
-1.020837132,?,2.283746497,0.910743875,-0.098447055,?,Banana
-0.851822503,-2.487995258,-1.292525028,-0.677733451,0.261413049,?,Orange
-1.385117644,0.030255046,-0.256667604,-0.67747869,-0.395952089,?,Orange
-0.748992661,?,0.266348132,-1.105344579,-1.225608602,?,Apple
1.43998001,0.635594704,0.086650063,?,0.137874595,?,Orange
0.753214664,-0.045337042,-0.468159923,?,0.844294649,?,Apple
-0.076498384,-1.388380561,-0.320478018,-0.082867423,-0.721853887,?,Banana
-0.257837416,-0.099920094,-0.285559818,0.070271084,1.268879627,?,Apple
-0.582985137,-0.440425187,-0.689879245,?,1.175663026,?,Orange
1.091065717,0.298715334,1.437717977,2.66581893,-1.700620976,?,Apple
1.210205098,-0.021286854,-0.286511881,0.956278457,-0.336421547,?,Banana
0.497108859,?,1.22098716,-0.855431599,0.607282373,?,Orange
0.325754229,2.278860388,-0.145854882,-0.24605383,2.03891495,?,Orange
1.500831653,-0.749768404,-2.358471737,-0.372849109,0.927440725,?,Apple
0.205141915,-0.599127748,0.809798931,1.131932769,-0.082135343,?,Orange
-1.030587978,0.131119341,0.22044273,?,0.552017636,?,Apple
-0.91515375,?,-0.231606943,-1.868546098,0.286317895,?,Apple
-1.248829376,0.182819374,-0.408048304,-0.44241638,0.850563376,?,Orange
1.79242539,?,0.565785842,1.029206689,-0.451148492,?,Apple
1.875201426,0.879440026,1.663690483,?,1.181209895,?,Banana
1.036843966,1.957008909,0.29224906,-0.38208825,-1.148943211,?,Orange
-0.442275317,0.608672767,1.605050422,1.002499507,1.627056881,?,Banana
-0.109310581,-0.461527316,0.221873798,-0.601082376,0.781262292,?,Orange
-0.483490366,-0.669800993,-0.486960597,-0.585279944,-0.527678786,?,Orange
-0.613811171,-0.132266403,-0.484273378,-0.342353558,0.113026224,?,Apple
1.134568,1.43079582,0.054248598,1.532192275,-0.958877225,?,Orange
-0.210747423,0.970337592,-0.910415725,-0.13940565,-0.463407354,?,Orange
-1.71680542,1.591951794,-0.836594261,?,-0.558755443,?,Banana
1.968080918,0.762509641,-1.927611125,0.208227285,-0.616239441,?,Orange
-1.411141468,?,-0.947310972,0.297186434,1.302244589,?,Orange
-0.015483378,?,1.228857045,-1.237491388,1.319074337,?,Apple
1.229633327,0.849830153,0.785840189,-0.041347592,0.654332621,?,Apple
-1.225571119,?,-0.879552878,0.243226349,-1.023501683,?,Banana
0.49675268,0.161976682,0.530360318,?,-0.210108336,?,Apple
-1.301645962,-0.630362678,1.897784301,0.186723033,-0.271517228,?,Apple
-1.261152169,?,0.808060564,-0.539096686,0.291490946,?,Orange
-0.948948322,?,1.474086844,0.471462906,0.377446513,?,Orange
0.393652253,0.760332514,-0.300139692,?,-1.360481612,?,Banana
-0.622548024,?,-0.243603916,0.303040819,-0.462590735,?,Apple
-1.000488354,0.872220394,-0.612665052,-0.59219842,0.063875937,?,Apple
1.160220621,-0.353917769,0.923571462,?,-2.252271648,?,Orange
1.062123633,0.533738853,-0.43898244,0.52706,-0.229285173,?,Orange
0.380003401,0.198054466,0.577553103,0.727655124,-0.487609195,?,Apple
-1.520623723,?,1.032554346,?,0.712410555,?,Apple
0.976969239,-1.103856799,-0.502936819,-1.153363135,-2.016437085,?,Orange
0.432142956,-0.143483026,-0.91739884,?,-0.766407468,?,Apple
0.457028506,?,-0.555310045,?,-0.794791527,?,Apple
-0.228252805,0.007740909,-0.837834491,-0.072786845,-0.441690358,?,Apple
0.999422262,?,0.48662799,-0.850654962,-1.454321176,?,Orange
1.208371841,-0.78719775,-0.131118172,-0.153083023,-0.661591232,?,Banana
0.323258542,0.514659941,0.494424357,0.787397706,0.218590894,?,Banana
0.490169655,-0.016076562,1.27773664,0.954535814,1.183111997,?,Orange
-2.441443847,-1.096996656,0.089833482,0.655546224,-1.422536543,?,Banana
-0.656242452,-1.145933924,-0.47601209,-0.065043975,0.541602184,?,Orange
0.268989734,-0.19529846,-0.239004448,-0.148795432,0.215640491,?,Banana
1.618802603,-0.550422432,0.278909471,0.917911107,-1.227792543,?,Banana
-0.01354212,-0.041767423,0.344964311,-0.620703271,-0.471958015,?,Banana
-0.968924831,1.809343767,0.290588876,0.26876545,-0.213800934,?,Apple
0.448088523,0.814177682,0.812583464,?,-0.988248095,?,Apple
-0.659559638,?,-1.496332369,-0.826914815,-0.909592223,?,Orange
-0.863084083,-2.193150979,1.283347357,?,-0.963986749,?,Banana
-0.277337647,-0.57852927,-0.636599803,?,1.721237288,?,Apple
1.044582718,0.835095958,1.502627651,-0.06757785,0.909758128,?,Banana
-0.7287195,-0.876845521,-0.213463536,?,0.810708891,?,Apple
-0.529168677,?,-0.654439019,?,0.552539654,?,Banana
0.254745345,?,1.135637815,1.259567856,0.068048872,?,Banana
1.690325028,?,-1.496503769,1.548402966,-0.844094681,?,Orange
0.599582366,?,-0.464158581,1.331663465,0.609211893,?,Orange
0.725534143,?,1.703820741,?,0.375725395,?,Apple
0.972277975,-0.222528927,-0.850367628,0.489655237,-1.452296404,?,Banana
0.399072908,-0.996224315,-0.08384798,-0.447808789,-1.227929688,?,Orange
-0.077614486,-0.15246382,-0.427159875,0.300504561,0.505650825,?,Apple
-0.055745144,-0.403163431,-0.561482087,0.698615028,0.971022255,?,Banana
